followers,genres_spotify,id,listeners_lastfm,name,popularity,popularity_hybrid,related_artists_lastfm,related_artists_yt,tags_lastfm
289,Sin datos,0GzaI3hZcuFafv2RGvfnPA,Sin datos,Turn It Around,0,0.0,Sin datos,"Mauro Picotto, Energy 52, Alex M.O.R.P.H., Andain, Key4050, York, Rank 1, Binary Finary, Ayla, Lange",Sin datos
1,Sin datos,0QaEZDGc6KJmdHCgRbOWRe,Sin datos,Verjal Fresh Kutt,0,0.0,Sin datos,Sin datos,Sin datos
3,Sin datos,7gQr0u81fnZ56en4MmxHD5,Sin datos,Lil Flama x Flee,0,0.0,Sin datos,Sin datos,Sin datos
221,Sin datos,2mw8EmDO0SWOHF5Nu8j2Lq,Sin datos,The Grinning Ghosts,0,0.0,Sin datos,Sin datos,Sin datos
228405,"soca, calypso, dancehall",6wxP7SSzfvi21Cnl8JicdQ,62812,Machel Montano,57,53.9,"Bunji Garlin, Kes, Mical Teja, Rupee, Scrunter","Teddyson John, Orlando Octave, Mical Teja, System32 & Rochelle Chedz, Kerwin Du Bois, Lyrikal, Destra Garcia, Bunji Garlin, Erphaan Alves, Nailah Blackman","soca, dancehall, trinidad, caribbean, trini"
55593,"soca, dancehall, calypso",60TYV12IFUaDfnUA0S67zb,109606,Rupee,54,49.9,"Machel Montano, Mr. Vegas, T.O.K., Wayne Wonder, Kevin Lyttle","Nina Sky, RDX, Pato Banton, Notch, Louchie Lou, Chaka Demus, Pliers, Danny English, Cutty Ranks, Alison Hinds","soca, dancehall, reggae, caribbean, barbados"
9859,Sin datos,2mCfJF2n60STC46nVkhuq5,21133,Destra,48,37.6,"Patrice Roberts, Nadia Batson, Skinny Fabulous, Farmer Nappy, Alison Hinds","Linky First, Blaxx, Peter Ram, Fadda Fox, Orlando Octave, Shal Marshall, Lyrikal, Kerwin Du Bois, Bunji Garlin, Olatunji","soca, Progressive metal, caribbean, All, trinidad and tobago"
95562,"soca, dancehall, calypso",6nPHDCN7qmxO86eN1grP54,51825,Bunji Garlin,50,51.2,"Machel Montano, Kes, Mical Teja, Rupee, Skillibeng","Fadda Fox, Ricardo Drue, Mical Teja, Teddyson John, DJ Private Ryan, Kerwin Du Bois, Skinny Fabulous, Shal Marshall, Lyrikal, Destra Garcia","soca, reggae, dancehall, trinidad and tobago, trini"
119960,"soca, dancehall",1GaBsp1ICIp1e6udgE7fba,362136,Kevin Lyttle,59,55.4,"Rupee, Sean Paul, Charly Black, Gyptian, Serani","Nina Sky, Million Stylez, Kardinal Offishall, Notch, Seanizzle, Mr Easy, Diana King, Tony Matterhorn, Chaka Demus, Danny English","dancehall, reggae, soca, rnb, dance"
107630,"soca, calypso, dancehall",0crMctn4iXaE3XCHpeBkOt,18585,Patrice Roberts,48,47.2,"Nadia Batson, Farmer Nappy, Skinny Fabulous, Lyrikal, Kerwin Du Bois","Hypasounds, Teddyson John, Preedy, Orlando Octave, Fay-Ann Lyons, Nadia Batson, Kerwin Du Bois, Lyrikal, Shal Marshall, Skinny Fabulous","soca, dancehall, trinidad, caribbean, trinidad and tobago"
44004,"soca, calypso, dancehall",4FdhiagLyTmvDqAVUxsQ57,28868,Alison Hinds,38,40.6,"Edwin Yearwood, Peter Ram, Lil Rick, Krosfyah, Patrice Roberts","GBMNutron, Skinny Fabulous, Shurwayne Winchester, Mr. Killa, Marzville, Destra Garcia, Krosfyah, Travis World, Lil Rick, Olatunji","soca, dancehall, calypso, barbados, caribbean"
1392,Sin datos,5yGfPBU9IdpwZjK7WALeCv,44858,Kes,31,35.0,"Machel Montano, Bunji Garlin, Mical Teja, Patrice Roberts, Rupee","Iwer George, Biggie Irie, Atlantik, Skinny Banton, Dwala, Ultimate Rejects, DJ Spider, Uncle Ellis, 5Star Akil, Marge Blackman","rock, soca, Progressive rock, folk, instrumental"
534,post-grunge,2nUcQRuzuXb6UXgG9JRLAk,Sin datos,Gueppardo,1,0.3,Sin datos,Sin datos,Sin datos
140,Sin datos,0i61WLM3868ifFo1aOpaDV,Sin datos,Sencelled,0,0.0,Sin datos,Sin datos,Sin datos
351,"glam rock, glam metal",6etL1Bw8nC9JfnOAwRvX21,Sin datos,Rockets To Ruin,0,0.0,Sin datos,Sin datos,Sin datos
627,"christian rock, christian alternative rock",1ZWUhZJh8l9KErGNWpqor0,Sin datos,Tetelestai,0,0.0,Sin datos,Sin datos,Sin datos
220,Sin datos,5APuzqysVW80oz04IYmxcF,Sin datos,Dominate,0,0.0,Sin datos,Sin datos,Sin datos
246,rock en español,7awgjpR6NAa0lI3um4KOlI,Sin datos,Souset,3,0.0,Sin datos,Sin datos,Sin datos
34851576,"rock, glam metal, hard rock, classic rock",3qm84nBOXUEQ2vnTfUTTFC,4965293,Guns N' Roses,83,71.3,"Mötley Crüe, Aerosmith, Slash, Skid Row, Slash's Snakepit","Slash, Whitesnake, KISS, Europe, Audioslave, Poison, Black Sabbath, Scorpions, Queen, Ozzy Osbourne","hard rock, rock, classic rock, metal"
32028483,"rock, hard rock, classic rock, rock and roll",711MCceyCBcFnzjGY4Q7Un,4342598,AC/DC,84,56.1,"Airbourne, Aerosmith, Guns N' Roses, Motörhead, Kiss","Ram Jam, Twisted Sister, Whitesnake, KISS, George Thorogood And The Destroyers, Creedence Clearwater Revival, Scorpions, Ozzy Osbourne, Airbourne, Motörhead","hard rock, classic rock, rock, heavy metal, metal"
15867200,"classic rock, rock, hard rock, rock and roll",36QJpDe2go2KgaRleHCDTp,4762144,Led Zeppelin,80,55.3,"Deep Purple, The Doors, Cream, Jimmy Page, The Rolling Stones","Free, Cream, Stevie Ray Vaughan, Steve Miller Band, Foghat, Jimmy Page, Jefferson Airplane, Derek & The Dominos, Steppenwolf, Rush","classic rock, hard rock, rock, Progressive rock"
9646467,"metal, heavy metal, rock, stoner rock, doom metal, hard rock",5M52tdBnJaKSvOpJGz8mfZ,4219760,Black Sabbath,81,55.2,"Ozzy Osbourne, Dio, Heaven & Hell, Judas Priest, Deep Purple","Blue Öyster Cult, Diamond Head, Tony Iommi, KISS, UFO, Rainbow, Testament, Thin Lizzy, Anthrax, Danzig","heavy metal, hard rock, classic rock, metal, rock"
10863376,"glam rock, glam metal, hard rock, rock, classic rock",07XSN3sPlIlB2L2XNcTwJw,3024540,Kiss,75,52.2,"Ace Frehley, Gene Simmons, Paul Stanley, Peter Criss, Vinnie Vincent Invasion","Ace Frehley, Paul Stanley, Krokus, L.A. Guns, Twisted Sister, Whitesnake, Dokken, Quiet Riot, Poison, Black Sabbath","rock, glam rock, 70's, Disco"
6797924,"glam metal, classic rock, rock, hard rock",2cnMpRsOVqtPMfq7YiFE6K,2905289,Van Halen,75,52.1,"Sammy Hagar, David Lee Roth, Def Leppard, Ratt, Dokken","Slaughter, Damn Yankees, Night Ranger, L.A. Guns, Winger, David Lee Roth, Billy Squier, Whitesnake, Great White, Dokken","hard rock, classic rock, rock, heavy metal"
15637211,"glam metal, rock",58lV9VcRSjABbAbfWS6skp,4046838,Bon Jovi,81,70.0,"Jon Bon Jovi, Richie Sambora, Def Leppard, Aerosmith, Bryan Adams","Whitesnake, KISS, Mr. Big, Europe, Foreigner, Poison, Starship, TOTO, Survivor, Scorpions","rock, hard rock, classic rock, hair metal"
5917638,"glam metal, glam rock, hard rock",0cc6vw3VN8YlIcvr1v7tBL,1840190,Mötley Crüe,75,65.6,"Poison, Ratt, Vince Neil, Cinderella, Skid Row","Slaughter, Ace Frehley, Keel, Vince Neil, L.A. Guns, Faster Pussycat, Twisted Sister, Dokken, Autograph, KISS","hard rock, heavy metal, hair metal, rock"
93,electropop,78zuCf88GtcNcNpucmyirE,Sin datos,FFRD,0,0.0,Sin datos,Sin datos,Sin datos
2,Sin datos,3bnSh7s8x4Xhx3de8ifAQx,Sin datos,LAUSBUB x Bose,0,0.0,Sin datos,Sin datos,Sin datos
16,Sin datos,1jwqTCqrzZbszt2mXr5Fo6,Sin datos,楊美娜,0,0.0,Sin datos,Sin datos,Sin datos
117316260,Sin datos,6qqNVTkY8uBg9cP3Jd7DAH,3917363,Billie Eilish,94,78.8,"FINNEAS, Olivia Rodrigo, Melanie Martinez, Lana Del Rey, Chappell Roan","Noah Cyrus, LSD, Labrinth, FINNEAS, girl in red, Ashe, Madison Beer, Adele, BENEE, Reneé Rapp","pop, indie pop, electropop, art pop, alternative"
1786486,hyperpop,7M5pDtJpCdnftEQZtczYco,1019967,Ayesha Erotica,74,68.3,"Chase Icon, Miss Luxury, That Kid, Kyunchi, Slayyyter","Elita, MISS LUXURY, GFOTY, Cortisa Star, Lil Mariko, Ve'ondre, Uncuntfortable Divas, Chase Icon, Kyunchi, Princess Ayesha","electropop, hyperpop, electronic, pop, miami bass"
515511,Sin datos,1oPRcJUkloHaRLYx0olBLJ,1230497,Magdalena Bay,71,68.0,"Caroline Polachek, Kero Kero Bonito, Charli xcx, yeule, Carly Rae Jepsen","Frou Frou, Oklou, berryblue, Erika de Casier, hemlocke springs, Dev Lemons, A. G. Cook, Tennis, Cowgirl Clue, Yves Tumor","synthpop, electropop, indie pop, dream pop, pop"
637261,Sin datos,7pyhre5oEEFMqcgMEvJY7q,1307587,Sky Ferreira,58,59.3,"Charli xcx, Caroline Polachek, Grimes, Allie X, Lorde","Let's Eat Grandma, Cherry Glazerr, Empress Of, St. Vincent, Shura, Chairlift, Sunflower Bean, Weyes Blood, Perfume Genius, Bat For Lashes","pop, electropop, electronic, female vocalists, female vocalist"
11925,Sin datos,3Na7zsSOhsFVx9LXrvNNbK,2382357,Ke$ha,56,55.7,"Lady Gaga, Miley Cyrus, Ava Max, Britney Spears, Neon Hitch","Rebecca Black, 3OH!3, Porcelain Black, Ashley Tisdale, Natalia Kills, Fefe Dobson, Emily Osment, Bonnie McKee, Aly & AJ, Todrick Hall","pop, dance, electropop, female vocalists, electronic"
773244,Sin datos,1VBflYyxBhnDc9uVib98rw,1949343,Icona Pop,70,64.3,"Tove Styrke, Foxes, Galantis, Florrie, Tove Lo","Bingo Players, will.i.am, M-22, Rêve, Dragonette, Matoma, Pnau, Alex Gaudino, Martin Jensen, Becky Hill","electronic, electropop, swedish, pop, synthpop"
7064292,Sin datos,7GlBOeep6PqTfFi59PTUUN,2302667,Chappell Roan,87,74.9,"Olivia Rodrigo, Sabrina Carpenter, Lorde, Reneé Rapp, Taylor Swift","JoJo Siwa, Paris Paloma, Beabadoobee, Beach Bunny, MARINA, Reneé Rapp, Gigi Perez, Conan Gray, Ashnikko, Phoebe Bridgers","pop, indie pop, synthpop, electropop"
562562,Sin datos,6OqhFYFJDnBBHas02HopPT,953784,Kero Kero Bonito,56,57.7,"Cryalot, Magdalena Bay, Haru Nemuri, 100 gecs, GFOTY","Pogo, Shawn Wasabi, Whitewoods, Dorian Electra, Saki Kabata, Matt Watson, underscores, Superorganism, Hideki Naganuma, Neil Cicierega Archive","electropop, pop, synthpop, noise pop, indie pop"
7,Sin datos,5PeLPBOy67FykNdjvGuUgt,Sin datos,Socal Nation,0,0.0,Sin datos,"12 Stones, Ill Niño, 10 Years, Blindside, Pillar, Adema, Grey Daze, Love And Death, Brian Welch, Drowning Pool",Sin datos
13731874,"nu metal, metal, alternative metal, rap metal, rock",5eAWCfyUhZtHHtBdNk56l1,5571428,System of a Down,85,72.3,"Daron Malakian and Scars on Broadway, Serj Tankian, Slipknot, Korn, Limp Bizkit","Serj Tankian, Audioslave, Avenged Sevenfold, The Offspring, Pantera, Rob Zombie, Marilyn Manson, Limp Bizkit, Korn, Deftones","alternative metal, metal, Nu Metal, rock, alternative"
492069,shoegaze,4G9wSdX0klmoHfjm9i6DLd,749664,Loathe,64,64.3,"Thornhill, Static Dress, Blanket, Moodring, Love Is Noise","Glare, Holywatr, Invent Animate, Crosses (†††), Rain Check, Tallah, Static Dress, Blanket, Split Chain, Moodring","metalcore, alternative metal, Progressive Metalcore, shoegaze, DJENT"
2129041,"alternative metal, nu metal, post-grunge",56dO9zeHKuU5Gvfc2kxHNw,1670786,Chevelle,73,64.7,"10 Years, Breaking Benjamin, Seether, Crossfade, Earshot","Crosses (†††), Taproot, Hurt, Adema, Dark New Day, 10 Years, Earshot, Fuel, Smile Empty Soul, Nonpoint","alternative rock, alternative metal, rock, hard rock, alternative"
2716103,"progressive metal, metalcore",2n2RSaZqBuUUukhbLlpnE6,724041,Sleep Token,82,69.6,"breakk.away, Bad Omens, Spiritbox, Sleep Theory, Memorist","PRESIDENT, breakk.away, Catch Your Breath, Archers, Will Ramos, Blacklit Canopy Official, Crown The Empire, Arankai, Dayseeker, Ice Nine Kills","Progressive metal, alternative metal, Progressive rock, DJENT, pop"
370445,Sin datos,26eBHxdouBH2KB7P6Oi9HN,143314,Sleep Theory,68,50.0,"Silent Theory, Line So Thin, From Ashes to New, I Prevail, Until i Wake","Nerv, Point North, Loveless , Wind Walkers, Too Close To Touch, Hands Like Houses, Further Within, Catch Your Breath, If Not for Me, The Funeral Portrait","alternative metal, alternative, metalcore, metal, rock"
287187,shoegaze,6P5ccCJCe8A4s9tDSTNFzF,445321,Fleshwater,60,61.4,"Narrow Head, Soul Blind, Modern Color, Bleed, Split Chain","Wisp, Glare, Title Fight, Loathe, Her Words Kill, Modern Color, Soul Blind, Slow Crush, bleed, Trauma Ray","shoegaze, alternative metal, post-hardcore, alternative rock, alternative"
3091954,"post-grunge, alternative metal, nu metal",49qiE8dj4JuNdpYGRPdKbF,2014163,Stone Sour,67,63.5,"Corey Taylor, Slipknot, Godsmack, Drowning Pool, Seether","SOiL, Mark Morton, Jonathan Davis, Drowning Pool, Nonpoint, Saliva, Bullet For My Valentine, Mudvayne, HELLYEAH, Mushroomhead","hard rock, alternative metal, metal, Nu Metal, rock"
2419884,"nu metal, alternative metal, rap metal, metal",1E4r4z7ivGUcSAnCbINJ9v,2027580,Drowning Pool,67,63.5,"Soil, Godsmack, Saliva, Disturbed, Nonpoint","Ill Niño, SOiL, Adema, Element Eighty, Spineshank, Device, Static-X, Powerman 5000, Nonpoint, Rev Theory","Nu Metal, alternative metal, metal, hard rock, rock"
571,Sin datos,3exGnuoiaZSpaKaNSwq4i7,Sin datos,Dulce Pájara De Juventud,1,0.0,Sin datos,Sin datos,Sin datos
35,Sin datos,1nSQX3kJdwzDeTXVT7BrUr,Sin datos,Mind!,0,0.0,Sin datos,"Bogey, HawkCry, mind, NERDFLIX, JayQ, N4CK, CALICNX, PA!NX, Archy, Secret Boy",Sin datos
9257414,"neo-psychedelic, indie",5INjqkS1o8h1imAzPqGZBb,3862897,Tame Impala,84,75.8,"Pond, GUM, Melody's Echo Chamber, Temples, MGMT","Unknown Mortal Orchestra, Toro y Moi, Neon Indian, Pond, The Voidz, Washed Out, Julian Casablancas, MorMor, Foster the People, MGMT","Psychedelic Rock, psychedelic, indie rock, rock"
22554745,"progressive rock, psychedelic rock, classic rock, art rock, rock",0k17h0D3J5VfsdmQ1iZtE9,5294590,Pink Floyd,83,56.5,"David Gilmour, Roger Waters, Syd Barrett, King Crimson, Led Zeppelin","The Alan Parsons Project, Cream, Emerson, Lake & Palmer, Jim Morrison, Jimmy Page, Jefferson Airplane, Roger Waters, Kansas, Dire Straits, R.E.M.","Progressive rock, Psychedelic Rock, classic rock, rock, psychedelic"
8795525,"psychedelic rock, classic rock, acid rock",22WZ7M8sxp5THdruNY3gXt,4597569,The Doors,75,53.6,"Jim Morrison, Cream, Led Zeppelin, The Jimi Hendrix Experience, The Animals","The Animals, Cream, Ten Years After, Vanilla Fudge, Jim Morrison, Big Brother & The Holding Company, Eric Burdon, Iron Butterfly, Jim Morrison, Blue Cheer","classic rock, Psychedelic Rock, rock, psychedelic"
3725435,"metal, hard rock",1Qp56T7n950O3EGMsSl81D,1503881,Ghost,77,70.5,"Volbeat, Ozzy Osbourne, Avenged Sevenfold, Iron Maiden, Metallica","Metalocalypse: Dethklok, Dream Evil, Týr, Turisas, Blind Guardian, Dragonforce, Serj Tankian, HIM, Unleash The Archers, Dogma","heavy metal, Psychedelic Rock, doom metal, psychedelic, Progressive rock"
1730022,"psychedelic rock, acid rock",2qFr8w5sWUITRlzZ9kZotF,2281314,Jefferson Airplane,60,46.8,"Country Joe & The Fish, Quicksilver Messenger Service, Strawberry Alarm Clock, Jefferson Starship, The Byrds","Cream, The Zombies, Faces, 13th Floor Elevators, Donovan, The Yardbirds, Vanilla Fudge, Love, Eric Burdon, The Byrds","Psychedelic Rock, classic rock, psychedelic, rock"
2025934,"jam band, psychedelic rock, acid rock",4TMHGUX5WI7OOm53PqSDAT,1378357,Grateful Dead,68,47.5,"Jerry Garcia Band, Jerry Garcia, Bob Weir, Phish, Dead & Company","Leon Russell, David Bromberg Quartet, Bob Weir, Merl Saunders, Widespread Panic, New Riders Of The Purple Sage, Old And In The Way, Hot Tuna, The String Cheese Incident, Blind Faith","Psychedelic Rock, classic rock, psychedelic, rock, folk"
349654,"psychedelic rock, neo-psychedelic, acid rock, stoner rock",7GRrLcUxwtQLvOpO7OHO80,371645,Psychedelic Porn Crumpets,54,59.0,"King Gizzard & The Lizard Wizard, The Murlocs, Frankie and the Witch Fingers, The Dead Pirates, Moses Gunn Collective","Squid, SLIFT, Sugar Candy Mountain, Temples, The Dead Pirates, The Murlocs, mcbaise, GUM, Muthi, Frankie & The Witch Fingers","Psychedelic Rock, Garage Rock, psychedelic, Stoner Rock"
28803,"gospel, african gospel",1d4uM0g9449nE9TV5KeWch,924759,Love,33,55.7,"13th Floor Elevators, The Byrds, The Electric Prunes, The Pretty Things, The Zombies","Kyururin te Shitemite, IKONOIJOY, THE MADE IN TOHOKU, Shiritsu Ebisu Chugaku, kamiyado, ZOC, Kento, PRODUCE 101 JAPAN THE GIRLS, Jams Collection, Buono!","Psychedelic Rock, psychedelic, classic rock, rock"
152,"avant-garde, black metal",2O8EmfSWdqlHGVq1RHv3VT,Sin datos,Bound by Entrails,0,0.0,Sin datos,Sin datos,Sin datos
483593,"black metal, metal, folk metal",6rBvjnvdsRxFRSrq1StGOM,423960,Bathory,50,38.2,"Darkthrone, Venom, Hellhammer, Dissection, Blasphemy","Mayhem, Candlemass, Venom, Obituary, Burzum, Immortal, Dissection, Satyricon, Celtic Frost, Carpathian Forest","black metal, viking metal, thrash metal, pagan metal, metal"
1236157,"melodic death metal, folk metal, metal, death metal, heavy metal, power metal",3pulcT2wt7FEG10lQlqDJL,819816,Amon Amarth,61,58.7,"Ensiferum, Insomnium, Arch Enemy, Kalmah, Dark Tranquillity","Eluveitie, Hypocrisy, Kalmah, Stormwarrior, Einherjer, Týr, Kataklysm, Ensiferum, Parasite Inc., Månegarm","Melodic Death Metal, viking metal, death metal, swedish, metal"
199289,"folk metal, melodic death metal, power metal, medieval metal, metal, symphonic metal",5KvkOKroKLz202ioXfGWR2,327594,Equilibrium,50,52.3,"Ensiferum, Finntroll, Korpiklaani, Heidevolk, Svartsot","Eluveitie, Ensiferum, Finntroll, Månegarm, Turisas, Týr, Heidevolk, Elvenking, Orden Ogan, Aephanemer","folk metal, viking metal, pagan metal, german, metal"
340049,"folk metal, melodic death metal, power metal, metal, medieval metal, folk, symphonic metal",0krXCIkthz13P8o0v2tksH,493330,Ensiferum,48,53.1,"Wintersun, Finntroll, Equilibrium, Korpiklaani, Turisas","Eluveitie, Finntroll, Månegarm, Equilibrium, Týr, Turisas, Skálmöld, Heidevolk, Wintersun, Kalmah","folk metal, viking metal, Melodic Death Metal, finnish, metal"
2667381,"r&b, quiet storm",08p7B5OtcUuVblvkQIlBhJ,236687,Týr,60,54.2,"TYR, Ensiferum, Turisas, Heidevolk, Korpiklaani","Eluveitie, Visigoth, Tengger Cavalry, Vintersorg, Turisas, Ensiferum, Falconer, Dream Evil, Equilibrium, Orden Ogan","folk metal, viking metal, Progressive metal, pagan metal, metal"
78016,"folk metal, black metal, folk",6jQgWQKirZ7IKDGN8fRtdA,128608,Månegarm,42,41.8,"Svartsot, Thyrfing, Einherjer, Wolfchant, Falkenbach","Eluveitie, Svartsot, King of Asgard, Trollfest, Moonsorrow, Ensiferum, Skálmöld, Heidevolk, Finntroll, Aephanemer","viking metal, folk metal, black metal, pagan metal, swedish"
3448,"slowcore, dark ambient",10URY9GmoJErCHAzo6jFyT,29863,Forlorn,48,38.7,"Gehenna, Groza, Sacramentum, Ophthalamia, Windir",Sin datos,"viking metal, black metal, melodic black metal, norwegian, viking black metal"
210539,"folk metal, power metal, symphonic metal, metal",0ykT1si9XRFPmEvWOnf4YI,349704,Turisas,45,51.0,"Ensiferum, Korpiklaani, Týr, Finntroll, Equilibrium","Eluveitie, Månegarm, Skálmöld, Týr, Falconer, Ensiferum, Heidevolk, Elvenking, Equilibrium, Orden Ogan","folk metal, viking metal, battle metal, finnish, metal"
1464381,"trip hop, downtempo, nu jazz, electronic",0cmWgDlu9CwTgxPhf403hb,2012140,Bonobo,66,63.2,"The Funky Lowlives, Hird, Marsmobil, A Forest Mighty Black, Nuspirit Helsinki","Bent, El Zeb, Emancipator, Zero 7, Télépopmusik, Caribou, Kiasmos, Four Tet, Little People, Bonobo","downtempo, electronic, trip-hop, chillout, ninja tune"
2296947,"bedroom pop, indie pop",3zmfs9cQwzJl575W1ZYXeT,1998462,Men I Trust,73,70.3,"Tokyo Tea Room, strongboi, The Marías, Crumb, MUNYA","coldroses, Yellow Days, strongboi, No Vacation, Freak Slug, Puma Blue, Michael Seyer, Homeshake, Mild Orange, Ralph Castelli","dream pop, indie pop, indie, downtempo, Sophisti-Pop"
481763,Sin datos,6UcJxoeHWWWyT5HZP064om,816400,Chet Faker,64,59.6,"FKJ, Skinshape, James Blake, Parra for Cuva, Leisure","Marcus Marr, Nick Murphy, Rhye, Crooked Colours, SOHN, Elder Island, Klyne, Låpsley, Electric Guest, NoMBe","downtempo, Lo-Fi, post-dubstep, smooth, electronic"
2627118,"trip hop, downtempo",6FXMGgJwohJLUSr5nVlf9X,3657307,Massive Attack,72,67.0,"Hird, The Funky Lowlives, Nuspirit Helsinki, A Forest Mighty Black, Sofa Surfers","Moloko, Morcheeba, Apparat, Tricky, Lamb, Trentemøller, Death in Vegas, Zero 7, Télépopmusik, Goldfrapp","trip-hop, electronic, chillout, downtempo, electronica"
1134578,"ballroom vogue, hip house",7gRhy3MIPHQo5CXYfWaw9I,1151816,BANKS,64,60.7,"VÉRITÉ, Lykke Li, MØ, Tove Lo, Broods","Kiiara, Abi Ocia, Donna Missal, JOY., Winona Oak, Stateless, Tei Shi, BROODS, Wet, Kilo Kish","electronic, downtempo, pop, female vocalists, indie"
388453,"nu jazz, trip hop, downtempo, electrocumbia, latin alternative, acid jazz",5ZMwoAjeDtLJ0XRwRTgaK8,905015,Quantic,63,59.6,"The Quantic Soul Orchestra, Guts, Nightmares on Wax, TM Juke, Jon Kennedy","El Zeb, Flowering Inferno, Radio Citizen, The Souljazz Orchestra, Mo' Horizons, Boozoo Bajou, TM Juke, The Bongo Hop, Hugo Kant, Sola Rosa","downtempo, electronic, chillout, nu jazz, funk"
558519,"trip hop, downtempo",14H7ag1wpQOsPPQJOD6Dqr,1770998,Zero 7,59,60.7,"The Funky Lowlives, Hird, Marsmobil, Soma Sonic, Bobby Hughes Combination","Morcheeba, Lemon Jelly, Télépopmusik, Bent, FC Kahuna, Kid Loco, Tosca, Kinobe, Mr. Scruff, Emancipator","chillout, downtempo, electronic, trip-hop, electronica"
84,Sin datos,5CRhiev45r0raAcmlvJ3HV,207065,Karma,52,56.4,"Karuan, Kr$na, Raftaar, Ikka, Fotty Seven","Minea, Koktelsi, Jasmin Stavros, Vanna, Senna M, Karma, E.T., Lana Jurčević, Ivana Brkić, Vesna Pisarović","downtempo, electronic, dance, acid jazz, lounge"
93,"latin jazz, salsa",4WTeL7aVAv8ilkUjJX9kNC,Sin datos,César Chino Pérez,1,0.0,Sin datos,Sin datos,Sin datos
2687083,"salsa, merengue, son cubano",7x5Slu7yTE5icZjNsc3OzW,470369,Willie Colón,73,60.4,"Héctor Lavoe, Rubén Blades, Frankie Ruiz, Grupo Niche, El Gran Combo De Puerto Rico","Orquesta Inmensidad, Adalberto Santiago, Bobby Cruz, Salsa Picante, Fania All-Stars, Ismael Rivera y Sus Cachimbos, Celia Cruz, Eddie Santiago, Larry Harlow, Roberto Roena","salsa, latin, jazz, fania, Willie Colon"
0,Sin datos,Sin datos,262620,Adolescent's Orquesta,0,31.6,"Eddie Santiago, Frankie Ruiz, Jerry Rivera, Grupo Niche, Maelo Ruiz","Viti Ruiz, Edgar Joel, Los Titanes, David Pabón, Salsa Picante, Johnny Rivera, Rey Ruiz, Hildemaro, Porfi Baloa, Los reyes del salsa","salsa, latin, venezuela, tropical, salsa romantica"
2233957,"salsa, merengue",4dLvccxeQIM5u80Ri0u9OV,286339,Frankie Ruiz,72,63.5,"Eddie Santiago, Jerry Rivera, Adolescent's Orquesta, Willie Gonzalez, Grupo Niche","Viti Ruiz, David Pabón, Orquesta Inmensidad, Tommy Olivencia, Salsa Picante, Johnny Rivera, Rey Ruiz, Los reyes del salsa, Eddie Santiago, Tito Gomez","salsa, frankie ruiz, salsa boricua, latin, puerto rico"
4471533,"salsa, merengue",1zng9JZpblpk48IPceRWs8,259680,Grupo Niche,73,58.5,"Eddie Santiago, Jerry Rivera, Willie Gonzalez, Gilberto Santa Rosa, El Gran Combo De Puerto Rico","Mickey Taveras, Hansel Camacho, David Pabón, Carlos Nuño La Grande de Madrid, Adalberto Santiago, Pedro Conga, Salsa Picante, Fruko y Sus Tesos, Rey Ruiz, Javier Vásquez","salsa, Colombia, latin, cumbia, grupo niche"
2631475,"salsa, merengue",5Wg6XnPTp0xXxFCjywwR9I,245985,Eddie Santiago,72,58.0,"Willie Gonzalez, Frankie Ruiz, Jerry Rivera, Grupo Niche, Maelo Ruiz","Viti Ruiz, La Sabrosura Orquesta, Edgar Joel, Mickey Taveras, David Pabón, Pedro Conga, Salsa Picante, Johnny Rivera, Rey Ruiz, Hildemaro","salsa, salsa romantica, latin, salsa boricua, Eddie Santiago"
1899594,"salsa, merengue, timba",6nnspeopmJAG07xOxHmqTu,246768,El Gran Combo De Puerto Rico,67,41.5,"Grupo Niche, Joe Arroyo, Ismael Rivera, Frankie Ruiz, Roberto Roena y Su Apollo Sound","Adalberto Santiago, Bobby Cruz, Tommy Olivencia, Conjunto Clásico, Fania All-Stars, Luisito Carrión, Louie Ramirez, Raphy Leavitt, Roberto Roena, Grupo Niche","salsa, latin, puerto rico, el gran combo de puerto rico, el gran combo de pueEl Gran Combo de Puerto Ricorto rico"
28803,"gospel, african gospel",1d4uM0g9449nE9TV5KeWch,109759,DLG,33,48.6,"Tito Nieves, India, Jerry Rivera, Marc Anthony, Rey Ruiz","Chichí Peralta, Luis Enrique, Johnny Rivera, Salsa Kids, Rey Ruiz, Son Habana, César Mancilla, You Salsa, Bamboleo, Adalberto Alvarez","salsa, latin, dlg, bachata"
10795648,"salsa, merengue, bachata, latin, latin pop",4wLXwxDeWQ8mtUIRPxGiD6,774168,Marc Anthony,80,64.2,"Gilberto Santa Rosa, Jerry Rivera, Victor Manuelle, Tito Nieves, Luis Enrique","Luis Enrique, Polo Montañez, Rey Ruiz, Descemer Bueno, Celia Cruz, DLG, Alvaro Torres, LA INDIA, Tito Nieves, Victor Manuelle","salsa, latin, pop, Marc Anthony, latin pop"
12,Sin datos,0W8dajVcpRNN1ks8v22yGT,Sin datos,KYO,0,0.0,Sin datos,"Renan Luce, Grégory Lemarchal, Eddy De Pretto, De Palmas, Pierre de Maere, Arcadian, Christophe Willem, Mickaël Miro, TiBZ, Boulevard des Airs",Sin datos
5238926,dancehall,3Isy6kedDrgPYoTS1dazA9,2930087,Sean Paul,85,70.1,"Kevin Lyttle, Beenie Man, Mr. Vegas, Chaka Demus & Pliers, Shaggy","Nina Sky, Kardinal Offishall, Leftside, Rayvon, T.O.K., Kevin Lyttle, Mr. Vegas, Shaggy, Timbaland, Chaka Demus & Pliers","dancehall, reggae, Hip-Hop, rnb, rap"
6298768,moombahton,738wLrAtLtCtFOLvQBXOXp,2749293,Major Lazer,77,72.5,"Calvin Harris, Sean Paul, Clean Bandit, Jax Jones, Galantis","Jack Ü, will.i.am, DVBBS, GTA, Cashmere Cat, AlunaGeorge, Keys N Krates, BURNS, Party Favor, Far East Movement","electronic, dancehall, reggae, dub, electro"
2460452,reggae,5EvFsr3kj42KNv97ZEnqij,2035354,Shaggy,76,66.2,"Sean Paul, Inner Circle, Chaka Demus & Pliers, Beenie Man, Afroman","Nina Sky, Conkarah, Snow, Kardinal Offishall, Anthony B, Collie Buddz, Cutty Ranks, Rayvon, Ricardo Ducent, Ini Kamoze","reggae, dancehall, Hip-Hop, pop, rnb"
2168271,neoperreo,4F4pp8NUW08JuXwnoxglpN,401971,Bad Gyal,77,56.1,"La Zowi, Soto Asa, JUDELINE, Isabella Lovestory, La Goony Chonga","Albany, La Zowi, D' la Crem, Aleesha, Juacko, Ms Nina, 8belial, Soto Asa, Maikel Delacalle, Metrika","dancehall, Reggaeton, neoperreo, catalan"
2032065,"dancehall, soca, ragga, riddim, reggae",2NUz5P42WqkxilbI8ocN76,351647,Vybz Kartel,71,53.9,"Mavado, Popcaan, Aidonia, Alkaline, Konshens","Aidonia, Likkle Addi, Govana, Ding Dong, I-Octane, Di Genius, Likkle Vybz, Anju Blaxx, Jahvillani, Mavado","dancehall, reggae, jamaica, ragga, dancehall reggae"
1355704,"dancehall, soca, afrobeats, reggae, riddim",62DmErcU7dqZbJaDqwsqzR,347238,Popcaan,68,52.9,"Vybz Kartel, Alkaline, Mavado, TeeJay, Dexta Daps","Aidonia, Ding Dong, Govana, Damage Musiq, I-Octane, Shane O, Jahvillani, Likkle Vybz, Mavado,  Rygin King","dancehall, reggae, dancehall reggae, jamaican, spotify"
931,smooth jazz,2Qwlc7qDNr8KQKjpY2hx7T,203610,YT,22,37.3,"Vybz Kartel, Fimiguerrero, Len, kwes e, SINN6R","Nettspend, Brennan Jones, Len, Hardrock, Molly Santana, Yung Fazo, LoRd PlAyA, Southsidesilhouette, Barretta, PlaqueBoyMax","reggae, dancehall, ragga, Jerk, rap"
227596,"reggae, roots reggae",1VJspRsoC6c0bvqhnSiFCs,672060,Ini Kamoze,63,53.6,"Barrington Levy, Eek-a-Mouse, Gregory Isaacs, Wailing Souls, The Viceroys","Sister Nancy, Dawn Penn, Eek-A-Mouse, Musical Youth, The Viceroys, Julian Marley, Don Carlos, Wailing Souls, Aswad, Black Uhuru","reggae, dancehall, jamaica, ragga"
460534,"synthwave, darkwave",1l2oLiukA9i5jEtIyNWIEP,467389,Carpenter Brut,56,50.3,"Perturbator, Dance With the Dead, GosT, Waveshaper, Dan Terminus","Dynatron, Fury Weekend, Andrew Hulshult, Isidor, Magic Sword, Dan Terminus, Power Glove, Waveshaper, Daniel Deluxe, Lazerhawk","synthwave, retro electro, electronic, retrowave, electro"
563964,"synthwave, vaporwave, synthpop, chillwave",2NFrAuh8RQdQoS7iYFbckw,336616,The Midnight,63,51.3,"FM-84, Kalax, Timecop1983, Gunship, The Bad Dreamers","Dana Jean Phoenix, Coastal, Josh Dally, IndiGhost, Earmake, Ollie Wride, W O L F C L U B, September 87, Jessie Frye, Michael Oakley","synthwave, synthpop, retrowave, electronic, dreamwave"
173976,Sin datos,6N3egqZ7OtcYYXyU6PBdNr,207662,TWRP,57,47.9,"Night Runner, Mystery Skulls, Starcadian, Magic Sword, I DONT KNOW HOW BUT THEY FOUND ME","2 Mello, Austin Weber, Jim's Big Ego, Ninja Sex Party, Dan Avidan, Sbassbear, Skyhill, Starbomb, Shadow Academy, Jazz Emu","synthpop, synthwave, retrowave, funk"
66,Sin datos,1SAObfwYJSC9qgMlCcUVRp,898374,Home,11,39.0,"憂鬱, A.L.I.S.O.N, Unfound, Hotel Pools, Memorex Memories","Yung Frown, Lucy In Disguise, MEGAS, Foewi, Zane Alexander, Hotel Pools, HOME, Voyage, 憂鬱, Eagle Eyed Tiger","chillwave, synthwave, vaporwave, Progressive rock, electronic"
134665,"darkwave, post-punk, cold wave, synthwave, witch house",0TdyFEXGty3cRKFCI1CJPr,366538,Vestron Vulture,52,48.3,"closed tear, Flowerbabe, Fevr, Tempers, Vandal Moon","Sidewalks and Skeletons, moonvampire  , DustBowlChampion, blood club, Guerra Fría, Lure Division, Flowerbabe, 60 juno, ashley cat, Haunt Me","synthwave, electronic, post-punk, synthpop, darkwave"
364374,"synthwave, darkwave, vaporwave",244uLu9lkdw39BJwlul3k8,427799,Perturbator,55,49.7,"Carpenter Brut, Dan Terminus, Mega Drive, GosT, Dance With the Dead","Karl Casey, Mega Drive, Dan Terminus, Lazerhawk, GosT, Power Glove, Daniel Deluxe, Magic Sword, Waveshaper, Dynatron","synthwave, electronic, synthpop, retro electro, industrial"
274920,"synthwave, vaporwave, synthpop",3PALZKWkpwjRvBsRmhlVSS,242552,Gunship,55,47.8,"Timecop1983, The Midnight, Kalax, FM-84, Essenger","Quixotic, Essenger, Scandroid, Dynatron, Fury Weekend, Magic Sword, Neon Nox, Volkor X, Earmake, Miami Nights 1984","synthwave, electronic, synthpop, retrowave, dreamwave"
57357,synthwave,3vc0JWD1Nj1VLrgJ1x3cjE,123122,Essenger,50,44.1,"Fury Weekend, Scandroid, Pylot, The Midnight, Gunship","Fury Weekend, Scandroid, PYLOT, Wice, TOKYO ROSE, Neon Nox, DEADLIFE, 3FORCE, Cassetter, Isidor","synthwave, electronic, synthpop, synthcore, retrowave"
16,Sin datos,6VBzffwf0UFlmWEirYONjW,Sin datos,Guarani,0,0.0,Sin datos,"Daniel Toro, José Larralde, Tamara Castro, Los Carabajal, Los Tucu Tucu, Los Cantores del Alba, Carlos Ramón Fernandez, Jorge Cafrune, Argentino Luna, Hernán Figueroa Reyes",Sin datos
5740,Sin datos,4Ty2Q5tfZXFvM7h39a3JGD,Sin datos,By 4,0,0.0,Sin datos,"Matshikos, Bongile, Dan Tshanda, Peacock, Slindile, Dirtydisco, DjSiya, Oguluva, Imitshotshovu, Chimora",Sin datos
23106,Sin datos,5KJJH0AyKcwIJ9tnDGr70w,Sin datos,Jota Esse,0,0.0,Sin datos,Sin datos,Sin datos
21,Sin datos,7DA4OOwD4NsW9nKiRgmZSt,Sin datos,Motilones,0,0.0,Sin datos,Sin datos,Sin datos
8682621,"cumbia, cumbia sonidera, salsa",0ZCO8oVkMj897cKgFH7fRW,368874,Los Ángeles Azules,79,56.4,"Los Angeles De Charly, Grupo Cañaveral De Humberto Pabón, Rayito Colombiano, Los Socios Del Ritmo, La Sonora Dinamita","Grupo Mojado, Diego Verdaguer, Grupo Cañaveral De Humberto Pabón, Bronco, La Sonora Dinamita, Juan Gabriel","cumbia, los angeles negros, Spanish Music, Los Muecas, latin"
1408196,"cumbia, cumbia sonidera, tropical music, salsa",13or1Wf6ipcvSIiurZATvw,216695,La Sonora Dinamita,69,51.7,"Los Ángeles Azules, Grupo Cañaveral De Humberto Pabón, Grupo Cañaveral, Sonora Tropicana, Rayito Colombiano","Los Dinamiteros De Colombia, Aniceto Molina, Galy Galiano, Diego Verdaguer, Margarita la diosa de la cumbia, La Sonora Dinamita de Lucho Argain y Xiu Garcia, Mi Sonora, Sonora Sonidera, Dinamitando Dinamita, Aleida Núñez","cumbia, latin, salsa, Colombia, la sonora dinamita"
311762,"cumbia, chicha, latin alternative",6Hs8U0JO2nacXFG4kp15Co,100287,Chico Trujillo,60,46.4,"Joe Vasconcellos, Pettinellis, Julius Popper, La Floripondio, Glup!","Joe Vasconcellos, La Combo Tortuga, Juanafé, Pettinellis, Tomo Como Rey, JM y Juanín Los Crack Del Puerto, Joselo Osses, Combo Ginebra, Sonora 5 Estrellas, La Rata Bluesera","cumbia, latin, chile, ska, rock"
250050,"cumbia, tropical music, cumbia sonidera, electrocumbia",2iewjNvcxTxH8Pyi7S0KF3,71873,Lisandro Meza,59,45.0,"Pastor Lopez, Afrosound, Rodolfo Aicardi, Los Corraleros De Majagual, Pastor López","El Combo de las Estrellas, Afrosound, Gran Combo de Colombia, Antonio Leon, Jaime Ley, Tropical All Stars, La Sabrosísima, Los Warahuaco, El Combo Palacio, Colombianisimo","cumbia, Colombia, latin, vallenato, All"
2110294,"cumbia, cuarteto",3YeBTR1Q1rUxKguz4jP6UV,83095,Damas Gratis,66,47.6,"Los Pibes Chorros, Yerba Brava, Repiola, Nestor En Bloque, Pala Ancha","Los Pibes del Penal, Pala Ancha, Repiola, Flor De Piedra, Puro Movimiento Dj, Meta Guacha, Mala Fama, Néstor, El Pepo, Los gedientos del rock","cumbia, Cumbia villera, latin, villera"
902786,"grupera, cumbia, cumbia sonidera, música mexicana",28NFZuZbEm7yzMpv1q1Rb7,146314,Grupo Mojado,67,49.7,"Grupo Bryndis, Los Angeles De Charly, Grupo Cañaveral De Humberto Pabón, Los Ángeles Azules, Los Socios Del Ritmo","Grupo Viento y Sol, Abracadabra, Grupo Legado's, Grupo Romance, Los Acosta, Los Dinnos Aurios, Grupo Samuray, Grupo Zarko, BXS, Los Ángeles de Charly","cumbia, mexico, Grupo mojado, latin, progressive trance"
370605,"cumbia, cumbia sonidera, electrocumbia",6PmfbeAL7jAauFPNyQ5UPi,86949,Celso Piña,59,45.6,"El Gran Silencio, Grupo Kual, Alberto Pedraza, Super Grupo Colombia, Los Ángeles Azules","SONIDO LA CONGA, Jorge Meza y su Tropicolombia, A Mover La Colita Cumbias, La Tropa Vallenata, El Tri, Los Llayras, Grupo Kual?, Alberto Pedraza, La Tropa Co. De Paco Silva, Lo Mejor De Tropicana","cumbia, latin, mexico, mexican, vallenato"
1102784,"grupera, cumbia, tropical music, mariachi",5fKc00Wh60ggl0QptZ2aBx,67942,Rigo Tovar,66,46.9,"La Sonora Santanera, Grupo Bryndis, Los Bukis, Bronco, Los Llayras","Los Baby's, Yndio, Los Plebeyos, Tommy Ramirez Y Sus Sonoritmicos, Los Felinos, Sonora Siguaray, Los Solitarios, Acapulco Tropical, El Super Show de los Vaskez, Los Freddy's","cumbia, mexico, latin, rigoooooooo por que te fuisteeeee, los temerarios"
30,Sin datos,7hmXOjRJfGRDpayeAFHxuf,Sin datos,Die Roten Ratten,0,0.0,Sin datos,Sin datos,Sin datos
276,"ska punk, deathrock",2GnyeBThB8IqQrLPWsVaV8,Sin datos,Fahrlässig,0,0.0,Sin datos,Sin datos,Sin datos
182054,"punk, hardcore punk, skate punk, ska punk",5uMNhVG30JzeZ5xtPb1tqR,284475,The Casualties,45,45.4,"The Exploited, The Unseen, A Global Threat, Blood for Blood, The Virus","The Interrupters, Bishops Green, Tiger Army, Agnostic Front, The Exploited, Total Chaos, The Unseen, The Virus, Sick Of It All, GBH","punk, street punk, hardcore punk, punk rock, Oi"
1046,Sin datos,0Mh5A7teUHad8RrOy9TvkH,354584,Blitz,54,48.8,"The Business, Cockney Rejects, The 4-Skins, The Last Resort, Angelic Upstarts","Johnny Thunders, The Exploited, Dead Moon, Youth Brigade, Poison Idea, The Business, Peter and the Test Tube Babies, U.K. Subs, The 4 Skins, Cockney Rejects","Oi, punk, street punk, punk rock"
252045,"nu disco, alternative dance",2x7EATekOPhFGRx3syMGEC,689221,The Knocks,62,53.4,"Roosevelt, SG Lewis, Cannons, Sofi Tukker, Goldroom","TOKiMONSTA, Touch Sensitive, Sinkane, Autograf, Phantoms, RAC, Goldroom, POWERS, St. Lucia, Miami Horror","electronic, synthpop, indie dance, street punk, dance"
41335,"punk, ska punk",4DPdJVsnD20hzE5msh7SvP,97086,The Analogs,44,41.5,"The Bill, Pull the Wire, Dezerter, Farben Lehre, KSU","Koniec Świata, Kazik na Żywo, Contra Boys, Kazik, The Bill, Rewizja, Pull The Wire, Defekt Muzgó, Lej Mi Pół, Rozbujane Betoniary","Oi, street punk, punk, punk rock, polish"
257504,"thai pop, t-pop",0UAiHanBWs5vRM1tSPf2RJ,10780,No One Else,56,37.8,"The Parkinsons, Двадцатые, Old Style Values, Военное Положение, Opposite Against","โดม จารุวัฒน์, JAOKHUN, JIXGO, Copter, พัด Vorapat, OABNITHI, Earth Patravee, Wan Thanakrit, Newery, Zom Marie","street punk, punk rock, punk, russian, streetpunk"
24449,punk,7CWYrGipJPd8gPvDQGbkb9,20544,The Skinflicks,41,35.4,"The Last Resort, Perkele, Booze & Glory, Discharger, Stomper 98","M8, Los Fastidios, Pisse, The Casualties, Lion's Law, Discharger, Haymaker, Bishops Green, Footsoldier, Evil Conduct","Oi, street punk, punk, Skinhead, Luxembourg"
51728,"punk, hardcore punk, skate punk, ska punk",6xEMoIJbN8zgmMpv6Nzt5Z,213707,The Unseen,33,40.8,"The Casualties, The Virus, A Global Threat, Pennywise, Born To Lose","The Interrupters, Street Dogs, The Casualties, Anti-Flag, H2O, Lars Frederiksen and the Bastards, Transplants, Against All Authority, Lars Frederiksen, Agnostic Front","street punk, punk, hardcore punk, punk rock, hardcore"
26223,"hardcore punk, punk",1ukWtMsvytOPyQ4O8CcC0a,59595,A Global Threat,25,34.2,"The Virus, The Casualties, The Unseen, Total Chaos, Lars Frederiksen and the Bastards",Sin datos,"street punk, hardcore punk, punk, punk rock, hardcore"
50,"doom metal, gothic metal",01AKKNH7WtV6cvgbcMZCGl,Sin datos,Gruulvoqh,0,0.0,Sin datos,Sin datos,Sin datos
25,"sludge metal, doom metal, gothic metal",7tAwWnpYaxPYt5y3QW81HB,Sin datos,Torpor!,0,0.0,Sin datos,Sin datos,Sin datos
3,Sin datos,0xJs01V5rxksUVv93p9Vds,Sin datos,Yeti,0,0.0,Sin datos,Sin datos,Sin datos
131,"doom metal, gothic metal",6vWRb8PCxO8g1JiAwMVtU2,Sin datos,I Gather Your Grief,0,0.0,Sin datos,Sin datos,Sin datos
102,"doom metal, gothic metal",5PUiDDBsxn1CCtGe1eODsJ,Sin datos,Sumptus Ignis,0,0.0,Sin datos,Sin datos,Sin datos
1671476,"gothic metal, gothic rock, doom metal",0blJzvevdXrp21YeI2vbco,1189196,Type O Negative,68,57.0,"A Pale Horse Named Death, HIM, Paradise Lost, Acid Bath, Tiamat","Candlemass, Down, Carnivore, Life of Agony, Helmet, Rollins Band, Nailbomb, Acid Bath, Cradle Of Filth, Static-X","Gothic Metal, doom metal, metal, Gothic Rock, Gothic"
55312,"hardstyle, frenchcore",1oAtPfjSyQWY7rERuiYnpl,166211,Anguish,63,49.0,"AGONY, hxvvxn, yungalligator, BXZX, влад пиво","Anor, hornja, molly, ytax, MAGAZ21, Jaegershu, Lieless, hxvvxn, BXZX, uzumxki","doom metal, death metal, Power metal, hardcore, Crust"
292414,"doom metal, sludge metal, stoner metal, metal, drone metal, gothic metal",7zDtfSB0AOZWhpuAHZIOw5,347570,Candlemass,47,46.6,"Solitude Aeturnus, Saint Vitus, Pentagram, Cathedral, Memento Mori","King Diamond, Venom, Obituary, Abbath, Flotsam & Jetsam, Death Angel, Carcass, Dissection, Celtic Frost, Satyricon","doom metal, Traditional Doom Metal, heavy metal, swedish, metal"
177,Sin datos,4XIn6DuTy0ZSfABDGVzh25,260136,Winter,20,37.6,"diSEMBOWELMENT, Thorr's Hammer, Coffins, Spectral Voice, Saint Vitus","Go Younjung, YUJU, Jaeyeon, ANYUJIN, JONG HO, EJel, MIJOO, Lee Know (Stray Kids), Rothy, ECLIPSE","doom metal, death metal, Death Doom Metal, death-doom metal, dream pop"
439489,"gothic metal, doom metal, progressive metal, progressive rock, metal",2CWWgbxApjbyByxBBCvGTm,678815,Katatonia,54,51.0,"Paradise Lost, Anathema, Opeth, October Tide, Daylight Dies","Agalloch, VOLA, Wolfheart, Klone, Swallow the Sun, SOEN, Dark Tranquillity, Insomnium, Leprous, Amorphis","doom metal, Progressive metal, depressive rock, Gothic Metal, metal"
394181,"stoner metal, sludge metal, doom metal, drone metal, drone",4htjQW3lgIwL6fEJlTOez4,486551,Electric Wizard,50,48.7,"Sleep, Mephistofeles, Windhand, Weedeater, Acid King","Spaceslug, Orange Goblin, YOB, Kylesa, Sleep, Windhand, Acid King, Bongzilla, Monolord, Uncle Acid & The Deadbeats","doom metal, stoner metal, Sludge, stoner doom, Stoner Rock"
343867,"sludge metal, stoner metal, doom metal, drone metal",3n5jeTRWZEbTPJWyHSYUqn,349097,Acid Bath,57,49.6,"Eyehategod, Crowbar, Agents of Oblivion, Soilent Green, Electric Wizard","Electric Wizard, Down, Helmet, Pentagram, Power Trip, Nailbomb, Superjoint Ritual, Sleep, High On Fire, Bongzilla","Sludge, doom metal, sludge metal, stoner metal, metal"
241532,power pop,1pgtr4nhBQjp9oCUBPyYWh,1366324,Fountains of Wayne,61,55.4,"Matthew Sweet, Superdrag, Jellyfish, The Rentals, Marshall Crenshaw","The Decemberists, Barenaked Ladies, The Shins, Guster, Mike Doughty, Rooney, Harvey Danger, OK Go, Old 97's, Phantom Planet","power pop, rock, alternative, indie, pop"
171236,"power pop, jangle pop, baroque pop",3UvcmAOZt64oKpP95f6MMM,691767,Big Star,46,48.6,"Chris Bell, Alex Chilton, Teenage Fanclub, Todd Rundgren, The Byrds","Nick Drake, The Flaming Lips, The Jayhawks, Captain Beefheart, Television, The Replacements, Love, The Modern Lovers, Gene Clark, Teenage Fanclub","power pop, rock, classic rock, pop"
442281,"power pop, jangle pop",4pJCawaKSZ40EnxN0YEYw3,801900,Badfinger,53,51.2,"The Raspberries, Paul McCartney & Wings, Paul McCartney, The Hollies, George Harrison","The Guess Who, The Hollies, The Zombies, Cream, 10cc, Donovan, Jeff Lynne, Todd Rundgren, Ringo Starr, The Byrds","classic rock, power pop, rock, pop"
21576,"cedm, christian pop, pop worship, worship, christian",3yAv8udgy9z6yF6rREcgfB,109859,Rock City,38,40.1,"Jason Derülo, Taio Cruz, Nico & Vinz, Iyaz, Akon","Lo Mejor del Rap y del Hip Hop, Vol.8, Jamie Miller, Dawin, Iyaz, Mizgf.C, Qwote, Pia Toscano, Solomon Childs, Siqu, Maiikkis Journut","rnb, power pop, Hip-Hop, hip hop, r&b"
55633,"power pop, jangle pop",10flBVEy5MiUXOJWTaFsyL,153306,Jellyfish,37,40.9,"The Grays, Jason Falkner, Fountains of Wayne, The Posies, Matthew Sweet","The Lemonheads, Matthew Sweet, The Olivia Tremor Control, Ted Leo and the Pharmacists, Sugar, XTC, The Posies, The Apples in Stereo, Dismemberment Plan, Spacehog","power pop, indie pop, rock, pop, alternative"
196982,"baroque pop, power pop",7eYZSXnQVCODCVmTV8Hk2T,281256,The Lemon Twigs,42,44.4,"Brian D'Addario, Todd Rundgren, The Raspberries, Alex Cameron, Big Star","Father John Misty, Foxygen, Shame, Guided by Voices, GEESE, Black Country, New Road, MJ Lenderman, Drugdealer, Wednesday, The Olivia Tremor Control","power pop, glam rock, soft rock, pop rock, psychedelic pop"
23,Sin datos,57FKZCePM8DZQG0u6CIJDd,127275,The Raspberries,17,34.3,"Badfinger, Dwight Twilley Band, Norman Greenbaum, Elvin Bishop, Aliotta Haynes Jeremiah","The Turtles, The Hollies, Three Dog Night, The First Class, The Stampeders, The Fifth Dimension, Todd Rundgren, The Association, The Lovin' Spoonful, The Grass Roots","power pop, classic rock, rock, pop"
155370,"power pop, jangle pop, britpop",2Sp19cOHSqAUlE64hekARW,541310,Teenage Fanclub,45,47.5,"Velvet Crush, The Lemonheads, Big Star, BMX Bandits, Super Furry Animals","The Modern Lovers, Heatmiser, Spiritualized, Chapterhouse, Ride, Guided by Voices, The Replacements, The Jesus And Mary Chain, Dinosaur Jr., The Lemonheads","power pop, indie, Scottish, indie rock, alternative"
5888000,"vallenato, colombian pop",3OcvS8PzSGYMBvLdzY6g3e,89982,Silvestre Dangond,72,49.6,"Kaleth Morales, Diomedes Díaz, Binomio De Oro, Los Diablitos, Binomio de Oro de América","Diego Daza, Juancho De la Espriella, Kaleth Morales, Ana del Castillo, Lucas Dangond, Daniel Maestre, Saul Lallemand  , Carlos Rueda, Poncho Zuleta, Fabián Corrales","vallenato, All, Colombia, silvestre dangond, pop rock"
2279624,vallenato,1f6CQnTy4FKDgLGzp6G2Wd,50587,Los Diablitos,70,47.1,"Los Inquietos, Binomio de Oro de América, Los Chiches Vallenatos, Binomio De Oro, Diomedes Díaz","Ramiro Padilla, Jesús Manuel Estrada, Los Embajadores Vallenatos, Luis Mateus, Jimmy Zambrano, Juan David Herrera, Diomedes Dionisio Diaz, Sagitario, Gabriel ""Chiche"" Maestre, Alex Manga","vallenato, Colombia, latin, All, latinoamerica"
6764255,"colombian pop, vallenato, latin, latin pop",4vhNDa5ycK0ST968ek7kRr,598555,Carlos Vives,76,57.1,"Fonseca, Silvestre Dangond, Bacilos, ChocQuibTown, Juanes","Chichí Peralta, Cabas, Bacilos, Maía, Alejandro González, Gusi, Lucas Arnau, Sin Ánimo De Lucro, Mauricio & Palodeagua, Gusi & Beto","latin, Colombia, vallenato, colombian"
2731941,vallenato,3yHLsTJ9OZ19qwY1Q5BEQJ,53367,Binomio De Oro,73,48.2,"Los Chiches Vallenatos, Diomedes Díaz, Los Diablitos, Binomio de Oro de América, Los Inquietos","Jesús Manuel Estrada, Los Embajadores Vallenatos, Alex Manga, Juancho Rois, El Cocha Molina, Jimmy Zambrano, Iván Zuleta, Diomedes Dionisio Diaz, Juan David Herrera, Las Musas del Vallenato","vallenato, Colombia, Binomio de oro, latin, colombian"
2121548,"vallenato, colombian pop",1JzCCMAjM3FCr9eM3jp0uH,30594,Kaleth Morales,59,42.1,"Silvestre Dangond, Los Inquietos, Binomio De Oro, Diomedes Díaz, Los Diablitos","Kevin Florez, Juancho De la Espriella, Diego Daza, Oscar Prince, Alejandro Sarmiento, Saul Lallemand  , Luifer Cuello, Manuel Julián, Carlos Rueda, Orlando Liñán","vallenato, All, Colombia, folk, latin"
6219800,vallenato,66NweiA3nU84k1S3SZdTSG,5978,Diomedes Díaz,69,39.7,"Binomio De Oro, Los Diablitos, Los Inquietos, Binomio de Oro de América, Silvestre Dangond","Juancho De la Espriella, Emilio Oviedo, Los Embajadores Vallenatos, Beto Villa, Goyo Oviedo, Iván Zuleta, El Cocha Molina, Juancho Rois, Colacho Mendoza, Franco Argüelles","vallenato, Brutal Death Metal, Colombia, black metal, diomedes diaz"
2731941,vallenato,3yHLsTJ9OZ19qwY1Q5BEQJ,49009,Binomio de Oro de América,73,47.9,"Los Inquietos, Los Diablitos, Los Chiches Vallenatos, Binomio De Oro, Los Embajadores Vallenatos","Jesús Manuel Estrada, Los Embajadores Vallenatos, Alex Manga, Juancho Rois, El Cocha Molina, Jimmy Zambrano, Iván Zuleta, Diomedes Dionisio Diaz, Juan David Herrera, Las Musas del Vallenato","vallenato, All, Colombia, pop, under 2000 listeners"
2165293,vallenato,7rNbdH4pgrnwguvzxhA2Ek,36571,Jorge Celedón,63,43.9,"La Combinación Vallenata, Jose Luis Carrascal, Miguel Morales, Erick Escobar, Peter Manjarrés","Ramiro Padilla, Jesús Manuel Estrada, Jean Carlos Centeno & Ronal Urbina, José Luis Carrascal, Estrellas Vallenatas, Diomedes Dionisio Diaz, Andreina, Jimmy Zambrano, Alex Manga, Jr. Santiago","vallenato, All, latin, pop, folk pop"
305,christian rock,3OePE7p0zBvluUG22qmo3g,Sin datos,"Eu, Você e Um Oceano",0,0.0,Sin datos,Sin datos,Sin datos
50990,vocaloid,3MOm3qiDQMqJ6YqTb7eJU9,70465,Apocalipsis,46,41.0,"MASA Works DESIGN, maretu, Ghost and Pals, Owata-P, きくお","Horcas, Logos, Logos, Tren Loco, Imperio, Malon, Aonikenk, V8, Barilari, Claudio Marciello","Post-Metal, instrumental, Sludge, heavy metal, mexico"
31798,hardstyle,7Dq2NReQjrw6PJHSMCQQEi,132496,Poseidon,55,45.8,"Baki, SICK LEGEND, SICK CVNT, PXSEIDON, Always Mirin","SICK LEGEND, BAKI, SICK CVNT, crypvolk, Mirin Brah, Kratos, ZaveyT, Enmity, PXSEIDON, GREEKGODS","Post-Metal, dubstep, Progressive metal, hardcore, Sludge"
79528,post-rock,7GVByFFfFJYCzK4d8ZyL6s,120506,We Lost the Sea,40,41.0,"Oh Hiroshima, Sleepmakeswaves, I Hear Sirens, If These Trees Could Talk, The Evpatoria Report","65daysofstatic, Les Discrets, Black Hill, Frames, Kwoon, pg.lost, MONO, Jakob, Caspian, Oh Hiroshima","Post-Metal, post-rock, Sludge, experimental"
144974,"sludge metal, post-rock, drone metal, doom metal, stoner metal, progressive metal, drone",7E7fJJpdVgr1F3pfAfRtHe,307235,Cult of Luna,39,43.8,"Rosetta, Isis, Neurosis, The Ocean, Mouth of the Architect","Blackbraid, Septicflesh, Psychonaut, AmenRa (BE), ISIS, The Ocean, Kylesa, Converge, Russian Circles, Pallbearer","Post-Metal, Sludge, doom metal, Progressive metal, post-rock"
55,Sin datos,1pCnl9PbA9JaffWHMiSXuT,537201,Isis,25,41.5,"Cult of Luna, Rosetta, Neurosis, Sumac, Pelican","Ulver, Alcest, Thou, Russian Circles, Neurosis, Cult of Luna, Pelican, YOB, Pallbearer, Kylesa","Post-Metal, Sludge, post-rock, Progressive metal, metal"
277715,"post-rock, sludge metal, math rock, stoner metal, progressive metal",0AZ3VR0YbFcS0Kgei7L2QF,512039,Russian Circles,46,47.6,"If These Trees Could Talk, Pelican, pg.lost, Caspian, Red Sparowes","Truckfighters, Monolord, Night Verses, Pelican, ISIS, If These Trees Could Talk, Baroness, Cult of Luna, Jakob, The Ocean","post-rock, Post-Metal, instrumental, experimental, math rock"
131201,"sludge metal, drone metal, doom metal, post-rock, stoner metal",0N1jE1EIrhZjvQSfuLupUu,153075,Amenra,43,42.7,"Absent In Body, Cult of Luna, Psychonaut, Latitudes, Rosetta","Pallbearer, Tribulation, Deafheaven, Ulcerate, Cult of Luna, Alcest, Agalloch, Wolves in the Throne Room, Kylesa, Batushka","Sludge, Post-Metal, post-hardcore, doom metal, artcore"
4499,latin hip hop,6RhHQP5MQPD3waU29h43gZ,85504,Acres,40,39.9,"Kingdom of Giants, Holding Absence, Memorist, Casey, Thousand Below","Afterlove, Enox, Lost in Separation, Bad/Love, Archers, Keep Close, Straight Shot Home, Stray View, Gutter King, Inertia","post-hardcore, Post-Metal, atmospheric, ambient, melodic hardcore"
330,Sin datos,12YjzZ2Y6ntSVjU3LbjRV1,Sin datos,Куба,0,0.0,Sin datos,Sin datos,Sin datos
7543683,"nu metal, alternative metal, rap metal, shoegaze, rock",6Ghvu1VvMGScGpOUJBAHNH,3922526,Deftones,86,66.4,"Team Sleep, Korn, Superheaven, Fleshwater, Loathe","Loathe, Team Sleep, Chino Moreno, Failure, Palms, Helmet, Druidess, Crosses (†††), Basement, Type O Negative","Nu Metal, alternative, metal, alternative rock, alternative metal"
31350845,"nu metal, rap metal, rock, alternative metal",6XyY86QOPPrYVGvF9ch6wz,6603622,Linkin Park,92,69.9,"Mike Shinoda, Dead by Sunrise, Jay-Z and Linkin Park, Grey Daze, Papa Roach","P.O.D., Hoobastank, Evanescence, Thirty Seconds to Mars, Creed, Fort Minor, Nickelback, 3 Doors Down, Breaking Benjamin, Seether","Nu Metal, rock, alternative rock, alternative, metal"
66,Sin datos,1SAObfwYJSC9qgMlCcUVRp,3229935,Korn,11,43.3,"Slipknot, Limp Bizkit, Jonathan Davis, Coal Chamber, Mudvayne","Ill Niño, Delta Empire, Adema, Jonathan Davis, Drowning Pool, Dope, Coal Chamber, P.O.D., Mudvayne, Static-X","Nu Metal, metal, alternative, rock, Nu-metal"
13888057,"nu metal, metal, alternative metal, rap metal, heavy metal",05fG473iIaoy82BF1aGhL8,4013049,Slipknot,82,65.3,"Korn, Stone Sour, System of a Down, Vended, Mudvayne","Drowning Pool, Static-X, Bullet For My Valentine, Mudvayne, Avenged Sevenfold, Killswitch Engage, Lamb of God, Pantera, Rob Zombie, System Of A Down","Nu Metal, metal, heavy metal, Nu-metal, rock"
7956154,"nu metal, rap metal, alternative metal, rap rock",165ZgPlLkK7bf5bDoFc6Sb,3881008,Limp Bizkit,82,65.2,"Korn, Primer 55, Snot, System of a Down, Slipknot","X-Ecutioners, Drowning Pool, Static-X, Dope, P.O.D., Alien Ant Farm, Audioslave, Creed, The Offspring, Staind","Nu Metal, rapcore, alternative, rock, metal"
7587269,"metal, nu metal, alternative metal, rap metal, hard rock",3TOqt5oJwL9BE2NG9MEwDa,3437809,Disturbed,78,63.6,"Five Finger Death Punch, Godsmack, Drowning Pool, Device, Soil","Drowning Pool, Dope, Saliva, Bullet For My Valentine, Bad Wolves, Theory Of A Deadman, Corey Taylor, Avenged Sevenfold, Nickelback, 3 Doors Down","Nu Metal, metal, hard rock, alternative, rock"
6020876,"nu metal, rap metal, alternative metal, rap rock, rock",4RddZ3iHvSpGV4dvATac9X,3564057,Papa Roach,76,63.1,"Three Days Grace, P.O.D., Shinedown, Pop Evil, Saint Asonia","Sick Puppies, Otherwise, Art of Dying, Egypt Central, Drowning Pool, Saint Asonia, Trapt, Adelitas Way, Rev Theory, Saliva","Nu Metal, rock, alternative rock, alternative, metal"
3821,Sin datos,4xsVl58E2KGNAIvtaRctAb,Sin datos,Aguakate,0,0.0,Sin datos,Sin datos,Sin datos
1218030,"merengue, latin dance, salsa, latin",1c22GXH30ijlOfXhfLz9Df,503872,Elvis Crespo,69,54.5,"Los Hermanos Rosario, La Makina, Wilfrido Vargas, Eddy Herrera, Juan Luis Guerra 4.40","Chichí Peralta, Mala Fe, Joseph Fonseca, Proyecto Uno, Eddy Herrera, Gabriel Pagan, El Potro Álvarez, Merengue Latin Band, Magic Juan, Freddie Mendez","merengue, latin, salsa, latin pop, Elvis Crespo"
365514,merengue,40FzPNKgu0k9VMvvidiKCl,132712,Los Hermanos Rosario,59,47.0,"Wilfrido Vargas, Toño Rosario, Oro Solido, Elvis Crespo, La Makina","Toño Rosario, Benny Sadel, Pochy y su Cocoband, Los Toros Band, Bonny Cepeda, Diómedes y El Grupo Mio, Kinito Méndez, Joseph Fonseca, Ramón Orlando, El Jeffrey","merengue, dominican republic, latin, dance, salsa"
228956,merengue,7wLYNBd1fXGEKSLJMNnlt4,134247,Oro Solido,57,46.5,"Los Hermanos Rosario, Mala Fe, La Makina, Wilfrido Vargas, Toño Rosario","Amarfis y La Banda de Atakke, Ashley, Los Toros Band, Kinito Méndez, Mala Fe, El General, Freddie Mendez, Los Reyes del Merengue, Nelson De La Olla y la Banda Chula, Merengue Latin Band","merengue, dominican republic, latin, latino, oro solido"
811419,"merengue, salsa",4yNdrUaF54csrLixVTnqzC,109255,Eddy Herrera,63,47.6,"Sergio Vargas, Rikarena, Wilfrido Vargas, Los Hermanos Rosario, Elvis Crespo","Chichí Peralta, Los Toros Band, Bonny Cepeda, Kinito Méndez, Joseph Fonseca, Las Chicas del Can, DJ Pato C, Miriam y Las Chicas, Henry Jimenez y Los Homeboys, Omar Enrique","merengue, latin, salsa, eddy herrera, Dominican"
84327,merengue,4oVcPiYDvfGxamTzwvnKtp,96957,Mala Fe,53,44.2,"Oro Solido, Los Hermanos Rosario, Toño Rosario, La Makina, Wilfrido Vargas","Amarfis y La Banda de Atakke, Los Toros Band, Kinito Méndez, Los Teke Teke, El General, Mayombe, Tito Swing, Amarfis, Nelson De La Olla y la Banda Chula, Magic Juan","merengue, dominican republic, Mala fe, latin"
452220,"merengue, latin house",6w1XCiB8efbfnusJ2jzmvu,135242,Proyecto Uno,61,47.7,"Sandy & Papo, Wilfrido Vargas, Fulanito, Sergio Vargas, Juan Luis Guerra 4.40","Chichí Peralta, Sandy & Papo, Bonny Cepeda, Las Chicas del Can, Magic Juan, Grupo Merenguísimo, Omar Enrique, Latin Band, Orquesta International Grupo 7, Lisa M","merengue, Hip-Hop, latin, latino"
728066,"cumbia, cuarteto",5L6GbwWUM3Oi5GPnkmmp24,233532,Fuego,67,51.3,"Chino & Nacho, Angel y Khriz, Nicky Jam, Daddy Yankee, Yandel","Revol, Atomic Otro Way, Maffio, Jose Reyes, Messiah, The Rudeboyz, Alex Martini, Lirico En La Casa, Mark B, Haze","merengue, Reggaeton, electronic, Romanian, blues"
396947,merengue,0hD97064k3LBUrRvfT42SE,104809,Fulanito,55,45.0,"Sandy & Papo, Proyecto Uno, Los Hermanos Rosario, Wilfrido Vargas, Oro Solido","Grupo Climax, Sandy & Papo, Amarfis y La Banda de Atakke, Extra Latino, Mala Fe, El General, Orquesta International Grupo 7, Da Madd Dominikans, Nelson De La Olla y la Banda Chula, Magic Juan","merengue, latin, Latin Rap, Reggaeton, reggaetonson"
346955,"jazz, cool jazz",4iRZAbYvBqnxrbs6K25aJ7,1041558,The Dave Brubeck Quartet,60,54.2,"Dave Brubeck, Oscar Peterson Trio, Bill Evans Trio, Paul Desmond, Cannonball Adderley","Tommy Flanagan, Charles Mingus, Art Tatum, Ben Webster, Horace Silver, Thelonious Monk, Cannonball Adderley, Duke Ellington, Gerry Mulligan, Art Blakey","jazz, cool jazz, instrumental, piano, jazz piano"
1317408,"jazz, cool jazz, vocal jazz",3rxeQlsv0Sc2nyYaZ5W71T,1753392,Chet Baker,67,58.0,"Chet Baker Quartet, Paul Desmond, Gerry Mulligan, Gerry Mulligan Sextet, Bill Evans Trio","Dave Brubeck, Scott Hamilton, Erroll Garner, Helen Ward, Art Tatum, Art Blakey, Lester Young, Duke Ellington, Gerry Mulligan, Ben Webster","jazz, trumpet, cool jazz, vocal jazz, blues"
177011,"cool jazz, jazz, bossa nova, brazilian jazz",68l2i6GeNtwQlhKS59u5bu,462961,Paul Desmond,55,50.0,"Jim Hall, Gerry Mulligan Sextet, Gerry Mulligan, Stan Getz, Ben Webster","Dave Brubeck, Wes Montgomery, Coleman Hawkins, Duke Jordan, Milt Jackson, Duke Ellington, Gerry Mulligan, Jim Hall, Red Garland, Kenny Burrell","jazz, cool jazz, saxophone, jazz saxophone, instrumental"
37407,"jazz, cool jazz, big band, hard bop, bebop",7g9DeYASD3RzlT4kDchsQZ,108342,Gil Evans,39,40.3,"The Gil Evans Orchestra, Miles Davis, Andrew Hill, Thelonious Monk, Charles Mingus","Dave Brubeck, Gerry Mulligan, Grant Green, Coleman Hawkins, Clifford Brown, Thelonious Monk, Art Blakey, Cannonball Adderley, Wynton Kelly, Charles Mingus","jazz, cool jazz, modern jazz, Big Band, arranger"
38996,"cool jazz, jazz, bebop, hard bop",4YNvbaOaqp5pzC5US5t48k,235484,Lee Konitz,43,44.1,"Warne Marsh, Gerry Mulligan, Art Pepper, Lennie Tristano, Sonny Stitt","John Coltrane, Red Garland, Frank Morgan, Jimmy Giuffre, Eddie Henderson, Dexter Gordon, The Modern Jazz Quartet, Lennie Tristano, Cannonball Adderley, Gerry Mulligan","jazz, cool jazz, saxophone, bebop, cool"
18722,"cool jazz, jazz, hard bop, jazz funk, soul jazz",31NF3yc9DoAdh2bgR6mY04,142768,Chico Hamilton,36,40.4,"Chico Hamilton Quintet, Stanley Turrentine, The Howard Roberts Quartet, Jack McDuff, Donald Byrd","George Gershwin  , Horace Silver, Ray Brown, Cannonball Adderley, Barney Kessel, Amos Milburn, Phil Phillips, Randy Weston, Paul Chambers, Jane Morgan","jazz, cool jazz, drums, blue note, funk"
23797,"cool jazz, jazz",6tzN9Ew9w6JB0UQr8culs1,424177,Gerry Mulligan,51,48.5,"Gerry Mulligan Quartet, Ben Webster, Paul Desmond, Coleman Hawkins, Art Pepper","The Jazz Seekers, Sam Taylor, Emma Rawicz, Mr. Right Time, Paul Callander, John Daversa, Raffy Bushman, Carl Winther, Bill Evans Trio, Rob Barron","jazz, saxophone, cool jazz, bebop, gerry mulligan"
122804,"cool jazz, jazz, hard bop, bebop",7wBFjZMHsC6nfV0HOSd6uI,128451,Modern Jazz Quartet,44,42.4,"Milt Jackson, Art Pepper, Gerry Mulligan, The Horace Silver Quintet, Sonny Rollins","Coleman Hawkins, Ron Carter, Blue Mitchell, Ben Webster, Milt Jackson, Sonny Rollins, Cannonball Adderley, Dexter Gordon, Bud Powell, Kenny Dorham","jazz, cool jazz, bebop, Vibraphone, Smooth Jazz"
100827543,"reggaeton, trap latino, urbano latino, latin",4q3ewBCX7sLwd24euuV69X,1993046,Bad Bunny,99,68.1,"Jhayco, Rauw Alejandro, Mora, Tainy, Myke Towers","Revol, Sky Rompiendo, Lenny Tavárez, Reggaeton Urbano, De La Ghetto, Young Miko, Lary Over, Haze, DJ Luian, Dimelo Flow","Reggaeton, latin, trap, puerto rico, trap latino"
9729533,argentine trap,2x7PC78TmgqpEIjaGAZ0Oz,325951,Trueno,77,55.4,"Wos, Paulo Londra, Lit Killah, Khea, Ysy A","Dani Ribba, COSMIC KID, Foking,  ONIRIA  , Taiu, Seven Kayne, Paulo Londra, Rei, Oscu, Saigo","rap, Hip-Hop, trap latino, white rapper, trap argentino"
26398203,"argentine trap, trap latino, reggaeton",3vQ0GE3mI0dAaxIMYe5g7z,354535,Paulo Londra,80,56.6,"Lit Killah, Duki, Khea, Trueno, Wos","Santy-P, Dani Ribba, Taiu, Estani, Seven Kayne, Saigo, Oscu, 3AM, KHEA, Milo J","trap, white rapper, trap latino, trap argentino"
7980523,"argentine trap, trap latino, turreo",6w3SkAHYPsQ1bxV7VDlG5y,184140,Cazzu,79,54.1,"Nicki Nicole, Lali, Duki, Emilia, FMK","Karen Méndez, Nanu, Francely Abreuu, TULI, Taichu, Danna, Mariah Angeliq , Malucci, Paulo Londra, Young Miko","Hip-Hop, pop, trap, rnb"
30601990,"reggaeton, urbano latino, trap latino, latin",1mcTU81TzQhprhouKaTkpq,892890,Rauw Alejandro,91,63.0,"Jhayco, Feid, Bad Bunny, Mora, Myke Towers","Sky Rompiendo, Haze, Lenny Tavárez, Young Miko, Dalex, Justin Quiles, Manuel Turizo, The Academy: Segunda Misión, Dimelo Flow, Lyanno","Reggaeton, dance, sexy, latin, male vocalists"
7021061,"trap latino, trap, dembow",5bWUlnPx9OYKsLiUJrhCA1,109151,Jon Z,74,50.9,"Bryant Myers, TRAP CAPOS, Ele A El Dominio, Brytiago, Lary Over","Dvice, Lyan, Revol, Galindo Again, Felo Blonck, Boy Wonder CF, Andre TG, Sinfonico, Lary Over, Darell","trap, latin, puerto rico, Hip-Hop, trap latino"
114022,Sin datos,31b5Q9iDwNRa2ZYsN6sahd,2650,26is,53,32.2,"Gabriel Drago, Lui5, MNZR, Trippy Snake, Strong Black","Franco Danós, 26is, Thuglack, Young locsS, Gabriel Drago, Fribeatrap, Jeyceu, Daniel leytor, George F, EL ATH","Peru, trap latino, frio, detroit, pavo"
1798416,"trap latino, trap",2pQAUIesBqfT87PaM1ijtk,82843,TRAP CAPOS,74,49.9,"Lary Over, Jon Z, Brytiago, Revol, Bryant Myers","El Dios Del Trap, Revol, Andre TG, Boy Wonder CF, Mike Duran, Carly, Spiff TV, Mueka, Baby Rasta, Pepe Quintana","Hip-Hop, latin, puerto rico, trap, trap latino"
13198188,"ranchera, mariachi, música mexicana, norteño, bolero, banda",4PPoI9LuYeFX8V674Z1R6l,371270,Vicente Fernández,81,57.0,"Antonio Aguilar, Joan Sebastian, José Alfredo Jiménez, Pedro Infante, Pepe Aguilar","Galy Galiano, Pedro Fernández, Espinoza Paz, Antonio Aguilar, Joan Sebastian, Marco Antonio Solís, Los Tigres Del Norte, Ana Gabriel, Rocío Dúrcal, Pepe Aguilar","ranchera, mariachi, mexico, Don Vicente Fernandez, latin"
8599681,"mariachi, ranchera, latin pop, bolero",6sq1yF0OZEWA4xoXVKW1L9,324745,Alejandro Fernández,80,56.3,"Pepe Aguilar, Vicente Fernández, Cristian Castro, Luis Miguel, Franco De Vita","Diego Verdaguer, Alex Fernández, Pedro Fernández, Reyli Barba, Sin Bandera, Kalimba, Pandora, Diego Boneta, Victor Garcia, Yahir","latin, mariachi, mexican, pop, mexico"
2510633,"ranchera, mariachi, bolero, música mexicana",7y33enVLfDvft6HGNmcxdV,203757,Pedro Infante,67,50.8,"Jorge Negrete, Javier Solís, José Alfredo Jiménez, Vicente Fernández, Antonio Aguilar","Los Apson, Los Angeles Negros, Francisco ""Charro"" Avitia, Blanca Rosa Gil, Jorge Negrete, Pedro Infante y la Rondalla del Amor de Saltillo, Cuco Sánchez, Amalia Mendoza, Luis Aguilar, Los Dandy's","ranchera, mariachi, mexico, latin, pedro infante"
10371923,"mariachi, ranchera, bolero, música mexicana",2MRBDr0crHWE5JwPceFncq,373801,Juan Gabriel,79,56.5,"José José, Joan Sebastian, Vicente Fernández, Emmanuel, José Alfredo Jiménez","Los Baby's, Angélica María, Diego Verdaguer, Amanda Miguel, Los Angeles Negros, Lisa Lopez, Manoella Torres, Pedro Fernández, Alberto Vázquez, Leo Dan","juan gabriel, mexico, mariachi, latin, ranchera"
475025,"mariachi, ranchera, música mexicana",0JTujDbHVqhWAGl06aaW78,79375,Mariachi Vargas de Tecalitlán,67,47.7,"Jorge Negrete, José Alfredo Jiménez, Vicente Fernández, Pedro Infante, Mariachi Nuevo Tecalitlán","Mariachi Sol De Mexico De Jose Hernandez, Pedro Infante, Mariachi Nuevo Tecalitlán, Mariachi Nacional De Mexico, Aida Cuevas, Mariachi los Camperos, Mariachi México, MARIACHI CORONA, Mariachi Alas De Mexico, Jorge Negrete","mariachi, mexico, folk, mexican, latin"
3889918,"ranchera, mariachi, norteño, corrido, música mexicana, banda",0PN0fbe41KbuzlRYnoajNm,128768,Antonio Aguilar,74,51.4,"José Alfredo Jiménez, Cornelio Reyna, Vicente Fernández, Los Cadetes de Linares, Pedro Infante","Antonio Aguilar Hijo, Pedro Fernández, Chelo, Cornelio Reyna, Juan Valentín, Ezequiel Peña, Gerardo Reyes, Joan Sebastian, Los Huracanes del Norte, Los Cadetes De Linares","ranchera, mariachi, antonio aguilar, latin, mexico"
2411391,"ranchera, mariachi, música mexicana, bolero, norteño",2T06whb4s6UiufL1j5Qtz9,50421,José Alfredo Jiménez,68,46.5,"Antonio Aguilar, Javier Solís, Jorge Negrete, Pedro Infante, Vicente Fernández","Pedro Infante, Francisco ""Charro"" Avitia, Cuco Sánchez, Martín Urieta, Jorge Negrete, Luis Pérez Meza, Amalia Mendoza, Antonio Aguilar Hijo, Joyas del Mariachi, Mariachi Nuevo Tecalitlán","mariachi, ranchera, mexico, jose alfredo jimenez, latin"
2502781,"mariachi, ranchera, música mexicana",24dYJ8P3YuFihvMcElFUWh,106205,Pedro Fernández,64,47.8,"Pepe Aguilar, Alejandro Fernández, Vicente Fernández, Mariachi Vargas de Tecalitlán, Joan Sebastian","Lorenzo Antonio, Shaila Dúrcal, Ángela Aguilar, Diego Verdaguer, Mariachi Arriba Juárez, Vicente Fernández Jr., Aida Cuevas, Beto Zapata, Juan Michel, Jose Julian","mariachi, latin, mexican, mexico, ranchera"
901899,Sin datos,7bPs6jf983f0bjRAt1yxDM,Sin datos,Patrick Watson,73,11.9,Sin datos,"Agnes Obel, Winter Aid, Sufjan Stevens, Charlie Cunningham, Other Lives, Isaac Gracie, Keaton Henson, Anna Leone, Fenne Lily, November Ultra",Sin datos
3312906,"classic rock, folk rock, singer-songwriter, roots rock",6v8FB84lnmJs434UJf2Mrm,Sin datos,Neil Young,74,12.2,Sin datos,"Cream, Jackson Browne, Graham Nash, The Stills-Young Band, Stephen Stills, David Crosby, Faces, Blind Faith, Crazy Horse, Donovan",Sin datos
4269944,Sin datos,2txHhyCwHjUEpJjWrEyqyX,Sin datos,Tom Odell,80,14.0,Sin datos,"Edith Whiskers, Isak Danielson, Amber Run, Seafret, Novo Amor, The Irrepressibles, Chance Peña, Tom Rosenthal, Julia Stone, Sleeping At Last",Sin datos
5872471,"folk pop, indie folk",16oZKvXb6WkQlVAjwo2Wbg,Sin datos,The Lumineers,80,14.0,Sin datos,"Of Monsters And Men, Nathaniel Rateliff, Mt. Joy, The Strumbellas, Jon and Roy, Bear's Den, Jack and the Weatherman, Marcus Mumford, Alexi Murdoch, Stu Larsen",Sin datos
7310607,"soft pop, acoustic pop",4phGZZrJZRo4ElhRtViYdl,Sin datos,Jason Mraz,75,12.5,Sin datos,"A Great Big World, Colbie Caillat, Adam Levine, Jake Coco, Matt White, Us The Duo, Rick Hale, Jon McLaughlin, Megan Davies, Hannah Trigwell",Sin datos
2041231,"yacht rock, soft rock, folk rock",35U9lQaRWSQISxQAB94Meo,Sin datos,America,74,12.2,Sin datos,"Dan Fogelberg, The Guess Who, Little River Band, The Hollies, Player, 10cc, Daryl Hall & John Oates, James Taylor, Al Stewart, Orleans",Sin datos
4033499,surf rock,3GBPw9NK25X1Wt2OUvOwY3,Sin datos,Jack Johnson,78,13.4,Sin datos,"Jon and Roy, Ry Taylor, Alexi Murdoch, Donavon Frankenreiter, The Beautiful Girls, Mat McHugh, Paula Fuga, Mishka, Matt Costa, Animal Liberation Orchestra",Sin datos
2034772,Sin datos,7oPgCQqMMXEXrNau5vxYZP,Sin datos,Tracy Chapman,73,11.9,Sin datos,"Paolo Nutini, Joan Osborne, 4 Non Blondes, Emeli Sandé, Eagle-Eye Cherry, Dido, Natalie Merchant, Joss Stone, Joan Armatrading, Bono",Sin datos
7323133,"folk rock, folk, singer-songwriter, roots rock, country rock",74ASZWbe4lXaubB36ztrGX,4122462,Bob Dylan,77,63.9,"Bob Dylan and The Band, Bob Dylan & Johnny Cash, The Band, Neil Young, Leonard Cohen","Nick Drake, Lou Reed, Love, Ry Cooder, Donovan, Tim Buckley, Graham Nash, Fairport Convention, Faces, Crazy Horse","folk, singer-songwriter, classic rock, folk rock, rock"
1292204,Sin datos,5QdyldG4Fl4TPiOIeMNpBZ,1495643,Big Thief,74,59.6,"Adrianne Lenker, Buck Meek, Haley Heynderickx, Florist, Lomelda","Honey Stretton, mage tears, Esha Tewari, Take Care, Leith Ross, Flatsound, Searows, Michael Cera, Samia, Haley Heynderickx","indie rock, indie folk, folk, folk rock, indie"
1925730,"folk rock, classic rock",1CYsQCypByMVgnv17qsSbQ,1278021,"Crosby, Stills, Nash & Young",63,55.8,"Crosby, Stills & Nash, Stephen Stills, Neil Young, Crosby & Nash, Buffalo Springfield","Joe Walsh, Steve Miller Band, Graham Nash, Stephen Stills, David Crosby, Blind Faith, Dave Mason, The Stills-Young Band, Leon Russell, Loggins & Messina","classic rock, folk rock, folk, rock"
927123,"folk rock, country rock",3eskO5m0H4yiF64vRySBjr,1651817,Buffalo Springfield,64,56.9,"Stephen Stills, Neil Young, Crosby, Stills, Nash & Young, The Byrds, Crosby, Stills & Nash","The Guess Who, Cream, Joe Walsh, Steve Miller Band, David Crosby, Eric Burdon, James Gang, Love, The Byrds, Faces","classic rock, folk rock, rock, folk"
331281,celtic rock,5TnuP42pw475UrjjeabtwZ,560277,The Waterboys,62,52.7,"World Party, Van Morrison, Levellers, The Pogues, Big Country","The La's, The Stranglers, The Lightning Seeds, Ocean Colour Scene, Mike Scott, The Housemartins, Steve Harley & Cockney Rebel, Lloyd Cole, The Boomtown Rats, Big Country","folk rock, rock, celtic, celtic rock, alternative"
1925730,"folk rock, classic rock",1CYsQCypByMVgnv17qsSbQ,1033330,"Crosby, Stills & Nash",63,55.1,"Crosby, Stills, Nash & Young, Stephen Stills, Crosby & Nash, Graham Nash, Buffalo Springfield","Joe Walsh, Steve Miller Band, Jackson Browne, Graham Nash, Stephen Stills, David Crosby, Blind Faith, Dave Mason, The Stills-Young Band, Leon Russell","folk rock, classic rock, folk, rock"
1223248,"folk rock, roots rock, southern rock, americana",4vpDg7Y7fU982Ds30zawDA,1344898,The Band,63,55.9,"Bob Dylan and The Band, Bob Dylan, Crosby, Stills, Nash & Young, Neil Young, Levon Helm","Cream, Joe Walsh, Steve Miller Band, Jackson Browne, The Stills-Young Band, New Riders Of The Purple Sage, Faces, Leon Russell, Stephen Stills, Blind Faith","classic rock, folk rock, rock, folk, americana"
117120,"hardcore, hardcore punk",7FAAkDlPg6pg0860CIDzmu,128319,Drain,50,44.2,"Mindforce, Incendiary, Sunami, Trapped Under Ice, Gulch","no cure, Vein, The Acacia Strain, Code Orange, Incendiary, Mindforce, Trapped Under Ice, Backtrack, Jesus Piece, End It","hardcore, crossover thrash, crossover, thrash metal, metalcore"
52748,"hardcore, hardcore punk",2Tl7uZui4u9a3nXUM9VMei,68812,Mindforce,41,39.4,"Trapped Under Ice, Drain, Incendiary, Crush Your Soul, Pain of Truth","Manos De Fierro, Volcano, Hate, Gulch, Incendiary, Trapped Under Ice, DRAIN  , Backtrack, Pain of Truth, God's Hate","hardcore, hardcore punk, crossover, crossover thrash, thrash metal"
81079,lo-fi,4owATw6JCMuUxeWdh3eiyg,202451,Beowülf,46,44.5,"Excel, Cryptic Slaughter, D.R.I., Uncle Slam, Suicidal Tendencies","Nuxe, Adam Youngman, Sem0r, Van Xo Vibes, dwsdmusic, Ondi Vil, Dyslm, Lomode, Omarr, Teqkoi","crossover, thrash metal, crossover thrash, hardcore, hardcore punk"
13731874,"nu metal, metal, alternative metal, rap metal, rock",5eAWCfyUhZtHHtBdNk56l1,101885,S.O.D.,85,53.9,"D.R.I., Municipal Waste, M.O.D., Nuclear Assault, Carnivore","Serj Tankian, Pantera, Audioslave, Rob Zombie, Avenged Sevenfold, The Offspring, Sepultura, Rammstein, Korn, Limp Bizkit","thrash metal, crossover, hardcore, crossover thrash, metal"
206617,"thrash metal, groove metal, speed metal, metal, hardcore",3TmaQHOfq1olDKHtE38zYT,166761,Power Trip,46,43.9,"Enforced, Fugitive, Iron Reagan, Municipal Waste, Toxic Holocaust","Dying Fetus, Obituary, Soulfly, Exodus, Death, Crowbar, Six Feet Under, Goatwhore, High On Fire, Municipal Waste","thrash metal, hardcore, crossover, crossover thrash, hardcore punk"
41113,"hardcore, groove metal, hardcore punk",1llYaLn43cLcbWg9M4t0Y3,57205,Judiciary,36,37.3,"Incendiary, Drain, Mortality Rate, Year of the Knife, Inclination",Sin datos,"hardcore, crossover, crossover thrash, metalcore, metallic hardcore"
829942,"thrash metal, hardcore punk, punk, skate punk, speed metal",3WPKDlucMsXH6FC1XaclZC,762076,Suicidal Tendencies,56,51.9,"D.R.I., S.O.D., Municipal Waste, Biohazard, Black Flag","Dead Kennedys, Down, Testament, Corrosion Of Conformity, Bad Brains,  D.R.I., Infectious Grooves, Helmet, S.O.D. Stormtroopers of Death, Biohazard","hardcore, crossover, thrash metal, punk, hardcore punk"
39129,"thrash metal, speed metal, groove metal",7vZV2UPiXQMVesiAxQmvBp,34772,Enforced,32,34.5,"Power Trip, Fugitive, High Command, Lowest Creature, Warbringer","Dying Fetus, Obituary, At the Gates, Decapitated, Carcass, Cryptopsy, Municipal Waste, Fugitive, Frozen Soul, Gatecreeper","thrash metal, crossover, crossover thrash, hardcore, thrash"
496,"thrash metal, speed metal",2koc2B4EuPy5z7LBHvMIv6,Sin datos,overthrash,0,0.0,Sin datos,Sin datos,Sin datos
85,thrash metal,3GQ8zJXxrmCXk7OZnp9Huq,Sin datos,Sacred Slam,0,0.0,Sin datos,Sin datos,Sin datos
116,Sin datos,4Vl5smZoDj34RyhYcUEk5I,Sin datos,Netherbound,0,0.0,Sin datos,Sin datos,Sin datos
38,Sin datos,3MXkFaXtHh4ae0WrcH9LJ9,Sin datos,Marttyrium,0,0.0,Sin datos,Sin datos,Sin datos
92,"thrash metal, speed metal",7oabgPktwq8ssSO2LtRfsn,Sin datos,SKOMBRUS,0,0.0,Sin datos,Sin datos,Sin datos
297,thrash metal,6pQsw8r7koHxK4kiOjH5Fo,Sin datos,Full Metal Thrashers,0,0.0,Sin datos,Sin datos,Sin datos
66,melodic death metal,639CAFj3rI6NRHOg4ozoW9,Sin datos,Bleeding Hands,0,0.0,Sin datos,Sin datos,Sin datos
54,Sin datos,14CZ0LizbmB16DdGjmR8wl,Sin datos,The Killing Hours,0,0.0,Sin datos,Sin datos,Sin datos
31825959,"metal, thrash metal, rock, heavy metal, hard rock",2ye2Wgw4gimLv2eAKyk1NB,4936448,Metallica,86,67.2,"Megadeth, Slayer, Pantera, Anthrax, Iron Maiden","Slash, KISS, Pantera, Audioslave, Black Sabbath, Skid Row, Scorpions, Ozzy Osbourne, Motörhead, Sepultura","metallica, heavy metal, metal, hard rock, rock"
6088199,"thrash metal, metal, heavy metal, speed metal",1Yox196W7bzVNZI7RBaPnf,2221249,Megadeth,72,60.3,"Metallica, Anthrax, Slayer, Testament, Exodus","King Diamond, Exodus, Testament, Death, Twisted Sister, Behind The Horror, Excel, Diamond Head, Annihilator, Newsted","thrash metal, heavy metal, speed metal, metal, thrash"
4428171,"thrash metal, metal, speed metal, heavy metal, groove metal, death metal",1IQ2e1buppatiN1bxUVkrk,2288125,Slayer,68,59.2,"Exodus, Kreator, Sepultura, Testament, Anthrax","Obituary, Down, Soulfly, Exodus, Testament, Death, Sodom, Prong, Evile, Carcass","thrash metal, metal, speed metal, heavy metal, thrash"
6171251,"groove metal, metal, thrash metal, heavy metal",14pVkFUHDL207LzLHtSA18,2478481,Pantera,75,61.6,"Damageplan, Slayer, Dimebag Darrell, Sepultura, Megadeth","Down, Soulfly, Exodus, Testament, Death, Corrosion Of Conformity, Excel, Helmet, Damageplan, Biohazard","thrash metal, groove metal, heavy metal, metal, Power metal"
2311802,"thrash metal, groove metal, metal, death metal, nu metal, speed metal, heavy metal, alternative metal",6JW8wliOEwaDZ231ZY7cf4,1344334,Sepultura,64,56.2,"Slayer, Soulfly, Cavalera Conspiracy, Pantera, Nailbomb","Obituary, Down, Soulfly, Exodus, Testament, Death, Sodom, Sacred Reich, Kerry King, Deicide","thrash metal, death metal, metal, brazilian, groove metal"
1216851,"thrash metal, metal, speed metal, groove metal, heavy metal",28hJdGN1Awf7u3ifk2lVkg,1053571,Testament,59,53.9,"Exodus, Overkill, Death Angel, Kreator, Anthrax","King Diamond, Obituary, Exodus, Death, Sodom, Cavalera Conspiracy, Rob Halford, Overkill, Death Angel, Annihilator","thrash metal, heavy metal, metal, death metal, thrash"
754910,Sin datos,57nPqD7z62gDdq37US9XJR,675166,Arcane,80,58.7,"Misha Mansoor, Caligula's Horse, Haken, Earthside, Leprous","Bear McCreary, Ludvig Forssell, Sonya Belousova & Giona Ostinelli, Daniel Pemberton, VALORANT, Borislav Slavov, 英雄联盟手游, Berlinist, RAMSEY, Sheryl Lee Ralph","Progressive metal, thrash metal, Progressive rock, progressive thrash metal"
1858526,"thrash metal, metal, speed metal, heavy metal, groove metal, rap metal",3JysSUOyfVs1UQ0UaESheP,1209810,Anthrax,57,53.8,"Testament, Exodus, Overkill, Death Angel, Slayer","King Diamond, Exodus, Testament, Corrosion Of Conformity, Armored Saint, Carcass, Overkill, Death Angel, Sacred Reich, Diamond Head","thrash metal, heavy metal, speed metal, metal, thrash"
6694,reggaeton,5ex40YPLrwqU1Yr6ApCKhr,3052744,Air,18,45.2,"Hird, The Funky Lowlives, Nuspirit Helsinki, A Forest Mighty Black, Marsmobil","Morcheeba, UNKLE, The Avalanches, Hot Chip, FC Kahuna, Zero 7, Lemon Jelly, Kid Loco, Télépopmusik, Goldfrapp","electronic, chillout, ambient, french, electronica"
1226,"mariachi, música mexicana",0KdYhahrgZylBoBwA2DNIa,3062037,Sade,25,47.3,"Erykah Badu, Anita Baker, Solange, Sweetback, Minnie Riperton","Maxwell, Corinne Bailey Rae, Dennis Edwards, Chaka Khan, Randy Crawford, Sweetback, Rufus, Soul II Soul, Bill Withers, Roberta Flack","soul, jazz, female vocalists, chillout, pop"
2505618,future bass,6nxWCVXbOlEVRexSbLsTer,1821151,Flume,73,59.9,"Hird, The Funky Lowlives, Marsmobil, Nuspirit Helsinki, The Mighty Bop","Touch Sensitive, SBTRKT, HWLS, BAYNK, What So Not, Hermitude, KUČKA, Collarbones, New Navy, Louis The Child","electronic, chillout, wonky, instrumental hip-hop"
772703,"egyptian pop, arabic hip hop, egyptian hip hop",176F6CdFEVWYNwqM6HEXU2,4137402,Sia,53,56.7,"Bebe Rexha, Adele, P!nk, Birdy, Jessie J","LSD, Skylar Grey, Loreen, Emeli Sandé, Paloma Faith, Faouzia, Anne-Marie, Ellie Goulding, Selena Gomez, Zara Larsson","female vocalists, indie, chillout, trip-hop, downtempo"
948331,"trip hop, downtempo, acid jazz, lounge, nu jazz",25KNo5GDS6ZpLkjasaecA3,1847774,Thievery Corporation,65,57.6,"The Funky Lowlives, Hird, A Forest Mighty Black, The Karminsky Experience Inc., Sofa Surfers","Morcheeba, Air, Mark Barrott, Aim, Peace Orchestra, A Forest Mighty Black, Tosca, Boozoo Bajou, Kid Loco, El Zeb","chillout, trip-hop, downtempo, electronic, lounge"
986750,"downtempo, electronica, trip hop",5nPOO9iTcrs9k6yFffPxjH,2312728,Röyksopp,63,57.7,"Goldfrapp, Schiller, Moby, GusGus, Groove Armada","UNKLE, French 79, Air, Conjure One, Lamb, Trentemøller, GusGus, Télépopmusik, FC Kahuna, HÆLOS","electronic, chillout, ambient, norwegian, electronica"
1495507,jazz rap,3Rq3YOF9YG9YfCWD4D56RZ,1059006,Nujabes,69,56.9,"Force of Nature, Uyama Hiroto, Fat Jon, Nujabes feat. Shing02, Pase Rock","Emapea, Saib, jinsang, Five Deez, Nicholas Cheung, Other Slater, The Brotet, uyama hiroto, fat jon, FORCE OF NATURE","Hip-Hop, Jazz Hop, japanese, chillout, trip-hop"
16,Sin datos,5hLOE2cw97gSQav7Zjyds3,Sin datos,Atlantic Wiz,0,0.0,Sin datos,Sin datos,Sin datos
761,Sin datos,1cysTZK0UAVSjgyYDUWlk7,Sin datos,Goldsboro,0,0.0,Sin datos,"The Platters, Righteous Brothers, Bobby Vinton, Andy Williams, Matt Monro, Paul Anka, Neil Sedaka, Dawn, The Cascades, Patti Page",Sin datos
55,Sin datos,2r8RGFgFXUTbQf43J6Allh,Sin datos,JEANE,0,0.0,Sin datos,"Mike Brant, Francis Lalanne, Pierre Bachelet, Ringo, Félix Gray, Sheila, Serge Lama, Michèle Torr, Herbert Leonard, François Valéry",Sin datos
5,Sin datos,2gziFEtQ227rutadLykp6I,Sin datos,Siste Dages Helvete,0,0.0,Sin datos,Sin datos,Sin datos
6009607,"alternative rock, rock",40Yq4vzPs9VNUrIBG5Jr2i,4321589,The Smashing Pumpkins,77,64.0,"Billy Corgan, Zwan, Stone Temple Pilots, Soundgarden, Alice in Chains","Temple Of The Dog, Jane's Addiction, Screaming Trees, Mudhoney, The Afghan Whigs, Porno for Pyros, Dinosaur Jr., Beck, Faith No More, Queens Of The Stone Age","alternative rock, Grunge, alternative, rock"
1392,Sin datos,5yGfPBU9IdpwZjK7WALeCv,6119335,Muse,31,51.4,"Royal Blood, Nothing But Thieves, Placebo, Radiohead, Franz Ferdinand","Starsailor, Wolfmother, Kasabian, Jet, Kaiser Chiefs, Franz Ferdinand, Serj Tankian, Gotye, Audioslave, Kings Of Leon","alternative rock, rock, Progressive rock, alternative, indie"
7200908,"post-grunge, rock",2xiIXseIJcq3nG7C8fHeBj,3663597,Three Days Grace,82,65.0,"Saint Asonia, Breaking Benjamin, Seether, My Darkest Days, Thousand Foot Krutch","Nine Lashes, Sick Puppies, Cult to Follow, Egypt Central, Red, Saint Asonia, Art of Dying, Adelitas Way, My Darkest Days, All Good Things","alternative rock, rock, hard rock, alternative, metal"
4534635,alternative rock,3jOstUTkEu2JkjvRdBA5Gu,5138418,Weezer,77,64.6,"Rivers Cuomo, The Rentals, Ozma, Green Day, Fountains of Wayne","Sugar Ray, Smash Mouth, Grouplove, Lit, Marcy Playground, Fastball, Foxboro Hot Tubs, Harvey Danger, Spacehog, OK Go","alternative rock, rock, alternative, indie, indie rock"
23042836,"funk rock, alternative rock, rock",0L8ExT028jH3ddEcZwqJJ5,6964011,Red Hot Chili Peppers,86,68.3,"John Frusciante, Foo Fighters, Audioslave, Ataxia, Incubus","Jet, Audioslave, Faith No More, Queens Of The Stone Age, The White Stripes, The Offspring, Greta Van Fleet, Lenny Kravitz, Beastie Boys, System Of A Down","rock, alternative rock, Funk Rock, alternative, funk"
12865671,"rock, post-grunge, alternative rock, grunge",7jy3rLJdDQY21OgRLCZ9sD,6135985,Foo Fighters,79,65.8,"Taylor Hawkins & The Coattail Riders, Pearl Jam, Audioslave, Nirvana, Them Crooked Vultures","Temple Of The Dog, Jet, Dave Grohl, Eddie Vedder, Silverchair, Audioslave, Chris Cornell, Kings Of Leon, Velvet Revolver, Faith No More","rock, alternative rock, Grunge, alternative, hard rock"
643,Sin datos,4L9VftgkqPPV0KXjzM0SIh,1847836,bôa,12,41.7,"Black Box Recorder, The Cranberries, Radiohead, The Cardigans, The Sundays","Liana Flores, Temachii, Wisp, Mass of the Fermenting Dregs, Vacations, Rehash, LSD and the Search for God, Frou Frou, Panchiko, Lamp","alternative rock, alternative, rock, female vocalists, indie"
3404871,Sin datos,2sil8z5kiy4r76CRTXxBCA,1838928,Goo Goo Dolls,80,62.1,"Matchbox Twenty, Vertical Horizon, Gin Blossoms, Lifehouse, Third Eye Blind","Five For Fighting, Howie Day, Vertical Horizon, The All-American Rejects, Dishwalla, Better Than Ezra, Matt Nathanson, Duncan Sheik, Nine Days, The Verve Pipe","rock, alternative rock, alternative, pop"
9399946,"qawwali, ghazal, sufi",5HcunTidTUrOaf8V0iJcvl,243967,Nusrat Fateh Ali Khan,71,52.6,"Rahat Fateh Ali Khan, Nusrat Fateh Ali Khan & Michael Brook, Abida Parveen, Sajjad Ali, Ali Zafar","Zain Zohaib, Bilal Saeed, Abida Parveen, Pav Dharia, Dr Zeus, Ghulam Ali, Hadiqa Kiani, Nabeel Shaukat Ali, Adnan Dhool, Sajjad Ali","qawwali, sufi, world, pakistani, World Music"
28229474,"sufi, qawwali, bollywood, hindi pop, desi, ghazal",3OLGltG8UPIea8sA4w0yg0,131925,Rahat Fateh Ali Khan,78,52.7,"Atif Aslam, Arijit Singh, Mohit Chauhan, Pritam, KK","Bilal Saeed, Mustafa Zahid, Shahid Mallya, Farhan Saeed, Nusrat Fateh Ali Khan, Nabeel Shaukat Ali, Richa Sharma, Sahir Ali Bagga, Shaarib Toshi, Altamash Faridi","sufi, qawwali, pakistani, bollywood, Hindi"
1350360,"sufi, qawwali, ghazal",4EkSOXM6psqNE4w6j0tEEl,30989,Abida Parveen,47,38.6,"Ghulam Ali, Nusrat Fateh Ali Khan, Sajjad Ali, Mehdi Hassan, Rahat Fateh Ali Khan","Yashal Shahid, Zain Zohaib, Nusrat Fateh Ali Khan, Hadiqa Kiani, Nabeel Shaukat Ali, Sajjad Ali, Amjad Hussain, Asif Ali Santoo Khan, Humaira Channa, Zamad Baig","sufi, qawwali, pakistani, Ghazal, pakistan"
0,Sin datos,Sin datos,5172,The Sabri Brothers,0,18.5,"Aziz Mian, Badar Ali Khan, Nusrat Fateh Ali Khan & Party, Faiz Ali Faiz, Rizwan-Muazzam Qawwali","Rais Anis Sabri, Aslam Sabri, Owais Raza Qadri, Aslam Gwalri, Haji Tasleem Aarif, Chhote Majid Shola, Sarfaraz Chishti, Jonny Sufi, Gulzar Naza, Siza Roy","qawwali, sufi, pakistan, pakistani, world"
9399946,"qawwali, ghazal, sufi",5HcunTidTUrOaf8V0iJcvl,21277,Nusrat Fateh Ali Khan & Party,71,44.5,"The Sabri Brothers, Badar Ali Khan, Aziz Mian, Faiz Ali Faiz, Rizwan-Muazzam Qawwali","Zain Zohaib, Bilal Saeed, Abida Parveen, Pav Dharia, Dr Zeus, Ghulam Ali, Hadiqa Kiani, Nabeel Shaukat Ali, Adnan Dhool, Sajjad Ali","qawwali, sufi, world, ethnic, pakistan"
9399,"qawwali, sufi, ghazal",0X08hM1G5NIOPS6zmovtPm,4108,Rizwan-Muazzam Qawwali,10,20.7,"Badar Ali Khan, Aziz Mian, The Sabri Brothers, Faiz Ali Faiz, The Sabri Brothers & Ensemble",Sin datos,"qawwali, sufi, pakistan, vocal, traditional"
9399946,"qawwali, ghazal, sufi",5HcunTidTUrOaf8V0iJcvl,29135,Nusrat Fateh Ali Khan & Michael Brook,71,45.6,"Nusrat Fateh Ali Khan, Abida Parveen, Nusrat Fateh Ali Khan & Party, Rahat Fateh Ali Khan, Sheila Chandra","Zain Zohaib, Bilal Saeed, Abida Parveen, Pav Dharia, Dr Zeus, Ghulam Ali, Hadiqa Kiani, Nabeel Shaukat Ali, Adnan Dhool, Sajjad Ali","qawwali, sufi, World Music, world, ambient"
4317,qawwali,5rCUitDe30PFI7U9TxVIM1,4234,Aziz Mian,35,28.3,"The Sabri Brothers, Badar Ali Khan, Faiz Ali Faiz, Rizwan-Muazzam Qawwali, M. Saeed Chisti","Attaullah Khan Esakhelvi, Sabri Brothers, Munni Begum, Amjad Sabri, Bahauddin, Maqbool Sabri, Ayaz Ali Qawwal, Naheed Akhtar, Jani Babu Qawwal, Ulhaz Umesh Qadri","qawwali, sufi, pakistani, pakistan, Ghazal"
175,Sin datos,4rjrYj74eRVx5rln4LJsR1,Sin datos,Tôrres,0,0.0,Sin datos,"Chichí Peralta, Bacilos, Axel, Vicentico, Nahuel Pennisi, Álex Ubago, Patricia Sosa, Carlos Ponce, Donato Y Estefano, Juanes",Sin datos
2174,Sin datos,1PGVKzBw0s6EHUBTr6haOY,Sin datos,Sahil Arun,0,0.0,Sin datos,Sin datos,Sin datos
356,Sin datos,7q7z6qIOlTmzUSXcfqX5Wy,Sin datos,DJ ABD,0,0.0,Sin datos,Sin datos,Sin datos
1580,Sin datos,2mMX4ldAY44GCtFhWkDrJV,Sin datos,Uzumaki Baka,0,0.0,Sin datos,"fatit, Vallvete, Sushi, Nx FxMxNxSM, DJ Contacreast, Sigma Male, Vitrolic, DixDee, sakari., ContriverJake",Sin datos
114,Sin datos,4avwQDiQlm080UXh7iYs5R,Sin datos,Adrian Valley,0,0.0,Sin datos,"Skinshape, Dojo Cuts, Glass Beams, Orgone, Los Days, Leifur James, Chris Shards, Arc De Soleil, Thomas Naïm, Offthewally",Sin datos
863,Sin datos,0vrOKS3DCqlyRHmdx068n4,Sin datos,Tanish Mittal,0,0.0,Sin datos,"Bhuvan Bam, Zariya, KHAN SULTAN, Kshitij Anand, Ronit Vinta, Gravero, DJ RohanGR, Lisa Mishra, Dr LoFi, Saurabh-Durgesh",Sin datos
611,Sin datos,38odAYQdRlmJZpkZxHOxBY,Sin datos,Pawam Choudhary,0,0.0,Sin datos,"DJ Fluke, Alekh Kumar Parida, Imran Khan, Ricky, Zaifee, Gopi Saini, baba, Kulwinderzz, Taran, Chinu Malik",Sin datos
208,Sin datos,6cVS5Nw5MABirUzydQcnby,Sin datos,Electric Lo Fi Seresta,0,0.0,Sin datos,Sin datos,Sin datos
7871477,"indie, lo-fi indie",3Sz7ZnJQBIHsXLUSo0OQtM,2995434,Mac DeMarco,83,64.6,"VACATIONS, LOVING, Eyedress, Current Joys, TV Girl","Yot Club, Los Retros, Vacations, Joy Again, Mild High Club, Jordana, Plums, Sundiver Ca, Mellow Fellow, Loving","Lo-Fi, indie, post-punk, experimental, indie rock"
12199040,Sin datos,0Y6dVaC9DZtPNH4591M42W,2557525,TV Girl,83,64.1,"Jordana, Eyedress, Roar, Strawberry Guy, VACATIONS","Yot Club, alexgoffline, Julie Doiron, alex_g_offline, Vacations, Hot Freaks, Joy Again, Puzzle, Panchiko, yungatita","indie pop, Lo-Fi, indie, chillwave, pop"
273,Sin datos,4u45IgUkhkBn4KXHnuiXvm,2678083,Joji,6,41.1,"rei brown, 88rising, d4vd, keshi, Bryant Barnes","boy pablo, Bedroom, Vacations, The Walters, SALES, Verzache, Hotel Ugly, Rex Orange County, sora.wav, Crisaunt","Lo-Fi, rnb, Hip-Hop, alternative rnb, japanese"
264419,reggaeton,7awyvLSthqOcL5A3hnR1pf,1881643,Alex G,65,57.7,"The Skin Cells, alex_g_offline, alex g online, starry cat, sundots","sign crushes motorist, alexgoffline, Julie Doiron, alex_g_offline, Take Care, Michael Cera, Panchiko, salvia palth, Jordana, Bloodbath64","Lo-Fi, singer-songwriter, indie rock, indie, indie folk"
892683,"midwest emo, indie rock",5PbpKlxQE0Ktl5lcNABoFf,1275199,Car Seat Headrest,63,55.8,"Neutral Milk Hotel, starry cat, WillyRodriguezWasTaken, Nouns, Coma Cinema","Vundabar, Los Campesinos!, Pavement, Coma Cinema, Alvvays, Snail Mail, Jeff Rosenstock, Black Country, New Road, The Microphones, Of Montreal","Lo-Fi, indie rock, indie, noise pop, furry"
1356259,"slowcore, lo-fi indie",0pg0Zm8FsGAYy5kdHuBnSo,1508228,Salvia Palth,69,58.1,"sign crushes motorist, birth day, Take Care, Hold, dandelion hands","sign crushes motorist, Guti, i don't like mirrors, mage tears, Dream, Ivory, Grouper, alex_g_offline, Take Care, Flatsound, The Simps","Lo-Fi, slowcore, dream pop, shoegaze, indie"
1711727,indie,1gl0S9pS0Zw0qfa14rDD3D,1842126,Surf Curse,72,59.7,"Current Joys, Beach Goons, The Frights, Mind’s Eye, Yot Club","Yot Club, Cults, Dream, Ivory, Bedroom, The Drums, Vacations, The Rare Occasions, Joy Again, SALES, Vundabar","Lo-Fi, Surf, indie, indie rock, Garage Rock"
1229297,Sin datos,3Oim8XBPbznAa8Jj8QzNc8,2310746,Cults,70,59.8,"TV Girl, Beach House, Tennis, Dreamgirl, Current Joys","Yot Club, Dream, Ivory, Bedroom, The Drums, SALES, Vundabar, Sports, yungatita, Jordana, Sunbeam Sound Machine","indie pop, Lo-Fi, experimental, noise, indie"
185275,Sin datos,07UJz804RJxqNvxFXC3h9H,484324,Sam Gellaitry,64,52.8,"camoufly, Mura Masa, MedaSin, Geotheory, Wavedash","Home, Medasin, zensei ゼンセー, QB9, BarbWalters, Zetsu, camoufly, UNI DELUXE, Arlo, Noche","future bass, trap, electronic, bass, beats"
699508,Sin datos,5Q81rlcTFh3k6DQJXPdsot,1104557,Mura Masa,61,54.7,"Flume, Sam Gellaitry, Louis the Child, Cashmere Cat, BAYNK","Shakka, James Blake, BROCKHAMPTON, Flume, Touch Sensitive, Kllo, Ta-ku, BAYNK, Lauren Faith, AlunaGeorge","electronic, future bass, lovestep, chill trap, trap"
407259,future bass,29O9ZebFa65aIEvMaW5pQY,267071,Snail's house,51,47.0,"dark cat, Cute Girls Doing Cute Things, YUC'e, Hyper Potions, PSYQUI","Moe Shop, Shawn Wasabi, Funk Fiction, Rhodz, ayiko, Kirara Magic, dark cat, fusq, Trifect, KUWAGO","future bass, electronic, japanese, kawaii bass, j-pop"
190854,"dubstep, riddim, edm, deathstep, bass house",5lCekoJW9jNq01B1wiqdAb,113883,Crankdat,57,45.9,"Slippy, NGHTMRE, Chime, Blanke, Bishu","Zomboy, ISOxo, Ray Volpe, Sullivan King, TYNAN, Jessica Audiffred, Dirtysnatcha, Space Laces, Virtual Riot, Wooli","melodic dubstep, future bass, dubstep, electronic, Brostep"
1618040,"melodic bass, future bass, edm",45eNHdiiabvmbp4erw26rg,827958,Illenium,75,57.9,"Seven Lions, Said The Sky, William Black, Nurko, Gryffin","Midnight Kids, SLANDER, Culture Code, Man Cub, Codeko, GhostDragon, Trivecta, Jason Ross, Crystal Skies, Tritonal","electronic, dubstep, melodic dubstep, future bass, EDM"
0,Sin datos,Sin datos,311212,Cosmo's Midnight,0,32.2,"SG Lewis, BAYNK, Roosevelt, Wave Racer, Touch Sensitive","Tomos, Moods, Blush'ko, Pomo, Young Franco, Joe Hertz, Kartell, BAYNK, Two Another, Crayon","future bass, chillwave, nu-disco, neon, chillout"
489505,Sin datos,7wg1qvie3KqDNQbAkTdbX0,575518,Louis the Child,59,51.9,"San Holo, DROELOE, Big Wild, Kasbo, BAYNK","Flume, Autograf, Felix Cartal, Super Duper, Łaszewo, Whethan, Elohim, Alison Wonderland, What So Not, San Holo","electronic, future bass, nu disco, french touch, nu-disco"
42073977,"melodic rap, emo rap",4MCBfE4596Uoi2O4DtmEMz,151173,WRLD,89,56.5,"Rogue, Conro, Grant, Half An Orange, Subtact","Hollywood Principle, ROOTKIT, Half an Orange, Duumu, Slushii, Rogue, Grant, Conro, Bad Computer, Richard Caddock","future bass, electronic, EDM, dutch, netherlands"
38892237,"reggaeton, latin",1vyhD5VmyZ7KMfW5gqLgo5,1599452,J Balvin,90,64.6,"Maluma, Ozuna, Nicky Jam, Yandel, Feid","Lenny Tavárez, Wisin, Maffio, Guaynaa, De La Ghetto, Zion & Lennox, Nicky Jam, Justin Quiles, Alex Sensation, Dimelo Flow","Reggaeton, pop, colombian, latin, Colombia"
37622865,"reggaeton, latin",4VMYDCV2IEDYJArk749S6m,2038647,Daddy Yankee,89,65.1,"Don Omar, Wisin & Yandel, Nicky Jam, Plan B, Tony Dize","Reggaeton Latino Band, Luny Tunes, Wisin, Tony Dize, Zion, Trebol Clan, Zion & Lennox, De La Ghetto, Alexis & Fido, Angel y Khriz","Reggaeton, latin, Hip-Hop, rap"
15891554,"reggaeton, urbano latino",33ScadVnbm2X8kkUqOkC6Z,1643062,Don Omar,86,63.5,"Daddy Yankee, Wisin & Yandel, Tony Dize, Plan B, Angel y Khriz","Hector & Tito, Reggaeton Latino Band, Luny Tunes, Wisin, Tony Dize, Zion, Trebol Clan, Zion & Lennox, De La Ghetto, Alexis & Fido","Reggaeton, latin, Hip-Hop, latino"
39142309,"reggaeton, trap latino, latin, urbano latino",1i8SpTcr7yvPOmcqrbnVXY,837789,Ozuna,89,62.2,"Nicky Jam, J Balvin, Sech, Wisin, Maluma","Wisin, Lenny Tavárez, Zion & Lennox, Dalex, Darell, De La Ghetto, Haze, Alex Sensation, Justin Quiles, Dimelo Flow","Reggaeton, latin, puerto rico, Puerto Rican, Urbano Latino"
20385736,"reggaeton, latin",1SupJlEpv7RS2tPNRaHViT,962012,Nicky Jam,85,61.4,"Ozuna, Daddy Yankee, Farruko, J Balvin, Wisin","Reggaeton Latino Band, Wolfine, Wisin, Lenny Tavárez, Zion, Tony Dize, De La Ghetto, Alexis & Fido, Zion & Lennox, Justin Quiles","Reggaeton, latin, pop, nicky jam, puerto rico"
8886546,"reggaeton, urbano latino",1wZtkThiXbVNtj6hee6dz9,791191,Wisin & Yandel,83,60.2,"Don Omar, Daddy Yankee, Tony Dize, Alexis y Fido, Zion","DJ Memo, Reggaeton Latino Band, Luny Tunes, Wisin, Musicologo Y Menes, Tony Dize, Zion, Trebol Clan, Zion & Lennox, De La Ghetto","Reggaeton, latin, dance, puerto rico"
